file_name,valence,arousal,dominance,liking
T1S1,0.8566666666666667,0.8444444444444444,0.7666666666666667,0.87
T1S2,0.8999999999999999,0.8122222222222222,0.8088888888888889,0.9411111111111112
T1S3,0.9533333333333334,0.8377777777777777,1.0,0.7866666666666666
T1S4,0.548888888888889,0.6677777777777778,0.68,0.8955555555555557
T1S5,0.7733333333333333,0.4355555555555555,0.7988888888888891,0.6722222222222222
T1S6,0.9188888888888888,0.4355555555555555,0.7777777777777778,0.8922222222222221
T1S7,0.8266666666666667,0.4144444444444445,0.7866666666666666,0.7822222222222223
T1S8,0.8133333333333334,0.2833333333333333,0.7022222222222223,0.6522222222222223
T1S9,0.4488888888888889,0.3655555555555556,0.4022222222222223,0.6655555555555556
T1S10,0.22111111111111112,0.54,0.2266666666666667,0.7877777777777778
T1S11,0.33222222222222225,0.2622222222222222,0.4033333333333333,0.6933333333333334
T1S12,0.3011111111111111,0.30777777777777776,0.37777777777777777,0.8166666666666667
T1S13,0.21666666666666667,0.3466666666666667,0.3188888888888889,0.6866666666666666
T1S14,0.4644444444444445,0.2488888888888889,0.3377777777777778,0.56
T1S15,0.3522222222222222,0.8977777777777778,0.32333333333333336,0.56
T1S16,0.7566666666666666,0.8266666666666667,0.9055555555555556,0.7933333333333333
T1S17,0.2733333333333333,0.7677777777777778,0.7522222222222221,0.7122222222222222
T1S18,0.8033333333333333,0.7944444444444445,0.7711111111111112,0.89
T1S19,0.7966666666666666,0.8888888888888888,0.8999999999999999,0.7544444444444445
T1S20,0.9177777777777778,0.8788888888888889,0.7988888888888891,0.9033333333333334
T1S21,1.0,0.8833333333333333,0.93,0.8733333333333334
T1S22,0.7877777777777778,0.23111111111111116,0.7844444444444444,0.8188888888888889
T1S23,0.9055555555555556,0.33444444444444443,0.8188888888888889,0.8777777777777778
T1S24,0.7822222222222223,0.7877777777777778,0.89,0.9133333333333334
T1S25,0.9844444444444445,0.8011111111111111,0.9611111111111112,0.8011111111111111
T1S26,0.8088888888888889,0.8077777777777777,0.8233333333333334,0.9155555555555556
T1S27,0.8166666666666667,0.7722222222222223,0.7811111111111111,0.81
T1S28,0.4311111111111111,0.37222222222222223,0.4455555555555555,0.8744444444444445
T1S29,0.1511111111111111,0.25222222222222224,0.3333333333333333,0.9044444444444444
T1S30,0.23111111111111116,0.33222222222222225,0.3577777777777778,0.8144444444444444
T1S31,0.3366666666666667,0.9044444444444444,0.31777777777777777,0.8933333333333332
T1S32,0.2533333333333333,0.8888888888888888,0.3633333333333333,0.4388888888888889
T1S33,0.4233333333333333,0.4277777777777778,0.5311111111111111,0.57
T1S34,0.2533333333333333,0.7877777777777778,0.8088888888888889,0.7688888888888888
T1S35,0.2288888888888889,0.9055555555555556,0.8944444444444445,0.5755555555555555
T1S36,0.3222222222222222,0.7688888888888888,0.7222222222222222,0.43
T1S37,0.25666666666666665,0.7644444444444445,0.34444444444444444,0.7522222222222221
T1S38,0.37,0.7977777777777777,0.7266666666666667,0.7355555555555555
T1S39,0.36000000000000004,0.6866666666666666,0.8744444444444445,0.6833333333333333
T1S40,0.5666666666666667,0.7911111111111111,0.6855555555555556,0.6633333333333333
T2S1,1.0,0.5588888888888889,0.7922222222222222,0.7355555555555555
T2S2,0.89,0.7888888888888889,0.8933333333333332,0.8977777777777778
T2S3,1.0,1.0,0.9955555555555556,0.8944444444444445
T2S4,0.6722222222222222,0.1111111111111111,0.56,0.7811111111111111
T2S5,0.56,0.3333333333333333,0.4055555555555556,0.56
T2S6,0.5555555555555556,0.548888888888889,0.56,0.11222222222222222
T2S7,0.5511111111111111,0.22111111111111112,0.4533333333333334,0.1111111111111111
T2S8,1.0,1.0,1.0,1.0
T2S9,1.0,0.7777777777777778,1.0,0.7977777777777777
T2S10,0.5544444444444445,0.1111111111111111,1.0,0.1111111111111111
T2S11,0.7866666666666666,0.1111111111111111,0.7788888888888889,0.7777777777777778
T2S12,0.89,0.6733333333333333,0.7911111111111111,1.0
T2S13,1.0,0.5544444444444445,1.0,1.0
T2S14,0.9933333333333332,1.0,0.9966666666666668,1.0
T2S15,1.0,0.89,0.8955555555555557,1.0
T2S16,0.6666666666666666,0.5611111111111111,0.8944444444444445,0.6822222222222222
T2S17,1.0,0.3333333333333333,0.67,0.8233333333333334
T2S18,1.0,0.6833333333333333,1.0,0.8977777777777778
T2S19,1.0,0.9244444444444444,0.8955555555555557,0.7766666666666667
T2S20,0.9966666666666668,1.0,0.8922222222222221,1.0
T2S21,0.1111111111111111,0.1111111111111111,0.56,0.1111111111111111
T2S22,0.5555555555555556,0.1111111111111111,0.5522222222222222,0.5555555555555556
T2S23,0.1111111111111111,0.33,0.1111111111111111,0.8688888888888889
T2S24,0.7866666666666666,1.0,0.6733333333333333,1.0
T2S25,1.0,1.0,0.8999999999999999,1.0
T2S26,1.0,0.8933333333333332,1.0,1.0
T2S27,0.5511111111111111,0.5566666666666666,0.33444444444444443,0.5611111111111111
T2S28,0.4511111111111111,0.5522222222222222,0.7933333333333333,0.7822222222222223
T2S29,0.33222222222222225,0.7822222222222223,0.7811111111111111,1.0
T2S30,0.2233333333333333,0.7833333333333333,0.1111111111111111,0.7922222222222222
T2S31,0.4511111111111111,0.7833333333333333,0.1111111111111111,1.0
T2S32,0.1111111111111111,1.0,0.2233333333333333,0.1111111111111111
T2S33,0.5555555555555556,0.8922222222222221,0.33444444444444443,0.1111111111111111
T2S34,0.5411111111111111,0.1111111111111111,0.7766666666666667,0.1111111111111111
T2S35,0.22111111111111112,0.2222222222222222,0.1111111111111111,0.1111111111111111
T2S36,0.56,0.1111111111111111,0.7877777777777778,0.1111111111111111
T2S37,0.1111111111111111,0.8955555555555557,0.1111111111111111,0.1111111111111111
T2S38,0.1111111111111111,1.0,0.1111111111111111,0.1111111111111111
T2S39,0.1111111111111111,0.1111111111111111,0.33,0.1111111111111111
T2S40,0.6722222222222222,0.7411111111111109,0.7711111111111112,0.7255555555555556
T3S1,0.5922222222222222,0.5188888888888888,0.5522222222222222,0.4944444444444445
T3S2,0.8011111111111111,0.4933333333333334,0.58,0.6922222222222223
T3S3,0.8388888888888889,0.31222222222222223,0.6566666666666667,0.7566666666666666
T3S4,0.5211111111111112,0.41,0.5555555555555556,0.4655555555555556
T3S5,0.7688888888888888,0.4933333333333334,0.6177777777777778,0.7966666666666666
T3S6,0.7544444444444445,0.21888888888888888,0.4866666666666666,0.8133333333333334
T3S7,0.6055555555555556,0.33444444444444443,0.56,0.6433333333333333
T3S8,0.7933333333333333,0.4811111111111111,0.6377777777777778,0.7055555555555555
T3S9,0.8144444444444444,0.3588888888888889,0.6655555555555556,0.8644444444444445
T3S10,0.4944444444444445,0.61,0.6344444444444445,0.5811111111111111
T3S11,0.8822222222222222,0.3466666666666667,0.47,0.7888888888888889
T3S12,0.7066666666666667,0.35,0.3466666666666667,0.6988888888888889
T3S13,0.8788888888888889,0.33,0.4088888888888889,0.7766666666666667
T3S14,0.81,0.4288888888888889,0.4888888888888889,0.81
T3S15,0.8177777777777778,0.3244444444444444,0.4233333333333333,0.6533333333333333
T3S16,0.7944444444444445,0.4855555555555556,0.4477777777777778,0.8377777777777777
T3S17,0.5066666666666666,0.19777777777777775,0.4555555555555555,0.6011111111111112
T3S18,0.7888888888888889,0.23666666666666664,0.56,0.7022222222222223
T3S19,0.9044444444444444,0.3522222222222222,0.6077777777777778,0.8855555555555555
T3S20,0.6955555555555555,0.3477777777777777,0.48,0.5811111111111111
T3S21,0.5544444444444445,0.7155555555555556,0.5044444444444445,0.7277777777777777
T3S22,0.548888888888889,0.1111111111111111,0.4588888888888889,0.69
T3S23,0.4055555555555556,0.2777777777777778,0.3366666666666667,0.6577777777777778
T3S24,0.36777777777777776,0.25222222222222224,0.2122222222222222,0.7533333333333334
T3S25,0.38333333333333336,0.15666666666666665,0.3222222222222222,0.7633333333333333
T3S26,0.5188888888888888,0.1311111111111111,0.2933333333333333,0.7711111111111112
T3S27,0.7466666666666666,0.3655555555555556,0.4955555555555555,0.6911111111111111
T3S28,0.6211111111111111,0.27888888888888885,0.29444444444444445,0.7322222222222222
T3S29,0.4966666666666666,0.4277777777777778,0.3422222222222222,0.7933333333333333
T3S30,0.43,0.3433333333333333,0.3022222222222222,0.68
T3S31,0.4933333333333334,0.4511111111111111,0.5144444444444445,0.5555555555555556
T3S32,0.5744444444444444,0.498888888888889,0.6566666666666667,0.7277777777777777
T3S33,0.45,0.4255555555555556,0.6111111111111112,0.5544444444444445
T3S34,0.5244444444444444,0.902222222222222,0.6499999999999999,0.5922222222222222
T3S35,0.3533333333333333,0.56,0.6277777777777778,0.35
T3S36,0.5566666666666666,0.6111111111111112,0.5044444444444445,0.4288888888888889
T3S37,0.5466666666666666,0.6722222222222222,0.6066666666666667,0.5844444444444444
T3S38,0.5033333333333334,0.6311111111111111,0.6277777777777778,0.61
T3S39,0.4811111111111111,0.69,0.6311111111111111,0.5133333333333333
T3S40,0.5977777777777777,0.4811111111111111,0.63,0.5877777777777777
T4S1,0.7422222222222222,0.5588888888888889,0.9133333333333334,0.9044444444444444
T4S2,0.4511111111111111,0.36777777777777776,0.22111111111111112,0.45
T4S3,0.9944444444444444,0.8999999999999999,0.6499999999999999,0.902222222222222
T4S4,0.6777777777777777,0.4355555555555555,0.4655555555555556,0.43777777777777777
T4S5,0.4511111111111111,0.56,0.4611111111111112,0.5422222222222222
T4S6,0.5566666666666666,0.3277777777777778,0.4488888888888889,0.5655555555555556
T4S7,0.32666666666666666,0.22111111111111112,0.3244444444444444,0.2333333333333333
T4S8,0.6633333333333333,0.5611111111111111,0.7933333333333333,0.6499999999999999
T4S9,0.6722222222222222,0.44,0.5622222222222222,0.56
T4S10,0.35,0.44333333333333336,0.4577777777777778,0.4488888888888889
T4S11,0.8044444444444445,0.7866666666666666,0.6755555555555556,0.7788888888888889
T4S12,0.56,0.56,0.56,0.5644444444444444
T4S13,0.4577777777777778,0.5422222222222222,0.5611111111111111,0.5744444444444444
T4S14,0.7733333333333333,0.7744444444444444,0.5811111111111111,0.69
T4S15,0.7733333333333333,0.7833333333333333,0.3644444444444444,0.7744444444444444
T4S16,0.27888888888888885,0.3277777777777778,0.12,0.3366666666666667
T4S17,0.7788888888888889,0.6611111111111111,0.6711111111111111,0.7811111111111111
T4S18,0.5444444444444445,0.31666666666666665,0.5244444444444444,0.3188888888888889
T4S19,0.7877777777777778,0.6911111111111111,0.6577777777777778,0.69
T4S20,0.9077777777777778,0.8944444444444445,0.6755555555555556,1.0
T4S21,0.19666666666666666,0.2288888888888889,0.4144444444444445,0.25111111111111106
T4S22,0.20666666666666667,0.3088888888888889,0.5522222222222222,0.4355555555555555
T4S23,0.20666666666666667,0.2266666666666667,0.1111111111111111,0.6655555555555556
T4S24,0.3011111111111111,0.57,0.2266666666666667,0.7988888888888891
T4S25,0.7777777777777778,0.6711111111111111,0.5566666666666666,0.6755555555555556
T4S26,0.6666666666666666,0.4544444444444444,0.44,0.56
T4S27,0.6822222222222222,0.6811111111111111,0.5466666666666666,0.7866666666666666
T4S28,0.2411111111111111,0.7733333333333333,0.3366666666666667,0.8955555555555557
T4S29,0.2055555555555556,0.5422222222222222,0.21666666666666667,0.9033333333333334
T4S30,0.34444444444444444,0.3422222222222222,0.34,0.7833333333333333
T4S31,0.2233333333333333,0.24777777777777776,0.1111111111111111,0.2155555555555556
T4S32,0.11222222222222222,0.6833333333333333,0.12111111111111113,0.2333333333333333
T4S33,0.1111111111111111,0.21888888888888888,0.4077777777777778,0.21666666666666667
T4S34,0.2411111111111111,0.24222222222222226,0.3844444444444444,0.21333333333333326
T4S35,0.22555555555555554,0.32,0.1177777777777778,0.3744444444444445
T4S36,0.3022222222222222,0.30666666666666664,0.22111111111111112,0.2588888888888889
T4S37,0.1111111111111111,0.1111111111111111,0.1111111111111111,0.1111111111111111
T4S38,0.1988888888888889,0.2055555555555556,0.19777777777777775,0.22111111111111112
T4S39,0.21333333333333326,0.3288888888888889,0.20222222222222225,0.2233333333333333
T4S40,0.20666666666666667,0.32333333333333336,0.20888888888888887,0.3333333333333333
T5S1,0.7744444444444444,0.5444444444444445,0.33222222222222225,0.6577777777777778
T5S2,1.0,1.0,0.8855555555555555,1.0
T5S3,0.55,0.5422222222222222,0.2288888888888889,0.7788888888888889
T5S4,0.9155555555555556,0.5644444444444444,0.6677777777777778,0.7822222222222223
T5S5,0.3377777777777778,0.4455555555555555,0.5644444444444444,0.4488888888888889
T5S6,0.8988888888888888,0.7866666666666666,0.548888888888889,0.7933333333333333
T5S7,0.5688888888888889,0.7744444444444444,0.56,0.5511111111111111
T5S8,0.9077777777777778,0.6566666666666667,0.4488888888888889,0.7822222222222223
T5S9,0.7711111111111112,0.55,0.44333333333333336,0.4488888888888889
T5S10,0.3366666666666667,0.4444444444444444,0.8922222222222221,0.4411111111111111
T5S11,1.0,0.6666666666666666,0.67,0.7888888888888889
T5S12,0.7866666666666666,0.4477777777777778,0.3466666666666667,0.8888888888888888
T5S13,0.548888888888889,0.32,0.4444444444444444,0.4577777777777778
T5S14,0.8011111111111111,0.4455555555555555,0.3277777777777778,0.8944444444444445
T5S15,0.7744444444444444,0.6722222222222222,0.1111111111111111,0.8877777777777778
T5S16,0.6622222222222223,0.56,0.4455555555555555,0.8855555555555555
T5S17,0.7644444444444445,0.3288888888888889,0.33444444444444443,0.7677777777777778
T5S18,0.8944444444444445,0.4411111111111111,0.33444444444444443,0.6711111111111111
T5S19,0.8922222222222221,0.5522222222222222,0.45,0.8933333333333332
T5S20,0.7777777777777778,0.22111111111111112,0.1111111111111111,0.8933333333333332
T5S21,0.4444444444444444,0.3188888888888889,0.33222222222222225,0.4411111111111111
T5S22,0.7766666666666667,0.8833333333333333,0.22111111111111112,0.9966666666666668
T5S23,0.1111111111111111,0.7833333333333333,0.7777777777777778,0.21777777777777774
T5S24,0.4444444444444444,0.56,0.4577777777777778,0.67
T5S25,0.6622222222222223,0.5411111111111111,0.34,0.7833333333333333
T5S26,0.8844444444444445,0.3333333333333333,0.1111111111111111,1.0
T5S27,0.7777777777777778,0.22111111111111112,0.2222222222222222,0.6966666666666667
T5S28,0.43333333333333335,0.4533333333333334,0.31777777777777777,0.56
T5S29,0.4488888888888889,0.33444444444444443,0.2122222222222222,0.5611111111111111
T5S30,0.32666666666666666,0.8999999999999999,1.0,1.0
T5S31,0.7666666666666667,0.6711111111111111,0.8833333333333333,0.45
T5S32,0.2155555555555556,0.4577777777777778,0.2288888888888889,0.2155555555555556
T5S33,0.5744444444444444,1.0,0.89,0.44333333333333336
T5S34,0.67,0.7744444444444444,0.8999999999999999,0.6666666666666666
T5S35,0.54,0.8999999999999999,0.9077777777777778,0.4411111111111111
T5S36,0.5455555555555556,1.0,1.0,0.4311111111111111
T5S37,0.2122222222222222,0.7788888888888889,0.6711111111111111,0.1111111111111111
T5S38,0.1111111111111111,0.4344444444444445,0.6811111111111111,0.11555555555555555
T5S39,0.1111111111111111,0.54,0.7833333333333333,0.1111111111111111
T5S40,0.7777777777777778,0.7733333333333333,0.8888888888888888,0.3244444444444444
T6S1,0.91,0.4588888888888889,0.7288888888888888,0.83
T6S2,0.7588888888888891,0.7355555555555555,0.7866666666666666,0.6622222222222223
T6S3,0.8544444444444445,0.6655555555555556,0.7633333333333333,0.7211111111111111
T6S4,0.8388888888888889,0.7544444444444445,0.84,0.7833333333333333
T6S5,0.7788888888888889,0.82,0.7277777777777777,0.8177777777777778
T6S6,0.8944444444444445,0.5,0.8422222222222222,0.7366666666666667
T6S7,0.9177777777777778,0.9188888888888888,0.8088888888888889,0.8888888888888888
T6S8,0.7833333333333333,0.2988888888888889,0.5555555555555556,0.7588888888888891
T6S9,0.8744444444444445,0.57,0.6777777777777777,0.92
T6S10,0.8188888888888889,0.6066666666666667,0.9333333333333332,0.8922222222222221
T6S11,0.5544444444444445,0.2777777777777778,0.8122222222222222,0.4477777777777778
T6S12,0.7966666666666666,0.3466666666666667,0.7633333333333333,0.33222222222222225
T6S13,0.8655555555555555,0.4388888888888889,0.82,0.7766666666666667
T6S14,0.7022222222222223,0.3877777777777778,0.8222222222222223,0.5977777777777777
T6S15,0.6211111111111111,0.4211111111111111,0.4088888888888889,0.4488888888888889
T6S16,0.5622222222222222,0.8277777777777778,0.4077777777777778,0.7866666666666666
T6S17,0.7466666666666666,0.4033333333333333,0.32,0.6833333333333333
T6S18,0.8433333333333333,0.6455555555555555,0.6822222222222222,0.7077777777777778
T6S19,0.8233333333333334,0.6222222222222222,0.7411111111111109,0.7677777777777778
T6S20,0.5566666666666666,0.33888888888888885,0.7322222222222222,0.3366666666666667
T6S21,0.6977777777777778,0.51,0.38,0.6811111111111111
T6S22,0.84,0.35444444444444445,0.2733333333333333,0.8033333333333333
T6S23,0.3855555555555556,0.3933333333333333,0.3988888888888889,0.5055555555555555
T6S24,0.3888888888888889,0.4455555555555555,0.3788888888888889,0.4688888888888889
T6S25,0.7877777777777778,0.7133333333333334,0.3877777777777778,0.7066666666666667
T6S26,0.5644444444444444,0.3744444444444445,0.6911111111111111,0.31
T6S27,0.5644444444444444,0.3855555555555556,0.4155555555555556,0.3422222222222222
T6S28,0.7133333333333334,0.4022222222222223,0.8644444444444445,0.7766666666666667
T6S29,0.4744444444444444,0.6055555555555556,0.4122222222222222,0.7366666666666667
T6S30,0.7766666666666667,0.4211111111111111,0.4255555555555556,0.7888888888888889
T6S31,0.4055555555555556,0.3877777777777778,0.45,0.7066666666666667
T6S32,0.7766666666666667,0.5,0.7911111111111111,0.8944444444444445
T6S33,0.7422222222222222,0.4855555555555556,0.8844444444444445,0.4311111111111111
T6S34,0.36777777777777776,0.4944444444444445,0.6922222222222223,0.2622222222222222
T6S35,0.44,0.6344444444444445,0.34,0.4122222222222222
T6S36,0.6344444444444445,0.69,0.9433333333333334,0.8288888888888889
T6S37,0.5366666666666666,0.6377777777777778,0.5066666666666666,0.24222222222222226
T6S38,0.4933333333333334,0.62,0.3466666666666667,0.56
T6S39,0.7288888888888888,0.7222222222222222,0.8366666666666667,0.8222222222222223
T6S40,0.5388888888888889,0.5155555555555555,0.56,0.5588888888888889
T7S1,0.8999999999999999,0.4455555555555555,0.21333333333333326,0.7844444444444444
T7S2,0.7944444444444445,0.6622222222222223,0.44,0.7677777777777778
T7S3,0.7888888888888889,0.4577777777777778,0.3366666666666667,0.6766666666666666
T7S4,0.7866666666666666,0.5588888888888889,0.3333333333333333,0.33
T7S5,0.7833333333333333,0.7766666666666667,0.6711111111111111,0.8944444444444445
T7S6,0.7744444444444444,0.6711111111111111,0.3333333333333333,0.7811111111111111
T7S7,0.7866666666666666,0.7844444444444444,0.7844444444444444,0.7811111111111111
T7S8,0.7777777777777778,0.6655555555555556,0.7822222222222223,0.7844444444444444
T7S9,0.7766666666666667,0.4444444444444444,0.7866666666666666,0.7833333333333333
T7S10,0.7877777777777778,0.7822222222222223,0.8955555555555557,0.7877777777777778
T7S11,0.7811111111111111,0.7877777777777778,0.33,0.8955555555555557
T7S12,0.7766666666666667,0.45,0.5555555555555556,0.7888888888888889
T7S13,0.8888888888888888,0.3288888888888889,0.2155555555555556,0.7888888888888889
T7S14,0.7877777777777778,0.5588888888888889,0.5522222222222222,0.7911111111111111
T7S15,0.8877777777777778,0.33444444444444443,0.1111111111111111,0.7811111111111111
T7S16,0.3366666666666667,0.56,0.4388888888888889,0.7833333333333333
T7S17,0.7911111111111111,0.2277777777777777,0.3333333333333333,0.8999999999999999
T7S18,0.7811111111111111,0.34,0.5588888888888889,0.7788888888888889
T7S19,0.7766666666666667,0.6711111111111111,0.67,0.7777777777777778
T7S20,0.8955555555555557,0.6733333333333333,0.2277777777777777,0.7933333333333333
T7S21,0.3466666666666667,0.6655555555555556,0.6733333333333333,0.7711111111111112
T7S22,0.33888888888888885,0.22555555555555554,0.1111111111111111,0.7711111111111112
T7S23,0.33444444444444443,0.3377777777777778,0.5588888888888889,0.7733333333333333
T7S24,0.21888888888888888,0.7811111111111111,0.1111111111111111,0.7888888888888889
T7S25,0.33222222222222225,0.3366666666666667,0.22111111111111112,0.7888888888888889
T7S26,0.2222222222222222,0.4488888888888889,0.3477777777777777,0.7866666666666666
T7S27,0.6766666666666666,0.3377777777777778,0.21777777777777774,0.8855555555555555
T7S28,0.2277777777777777,0.2222222222222222,0.33444444444444443,0.7722222222222223
T7S29,0.7877777777777778,0.32666666666666666,0.1111111111111111,0.7777777777777778
T7S30,0.3433333333333333,0.6755555555555556,0.56,0.3288888888888889
T7S31,0.7733333333333333,0.7811111111111111,0.5588888888888889,0.7833333333333333
T7S32,0.5511111111111111,0.7877777777777778,0.8944444444444445,0.8877777777777778
T7S33,0.5522222222222222,0.7866666666666666,0.7766666666666667,0.7777777777777778
T7S34,0.4455555555555555,0.7922222222222222,0.7844444444444444,0.2222222222222222
T7S35,0.5566666666666666,0.8944444444444445,0.8988888888888888,0.7688888888888888
T7S36,0.8999999999999999,1.0,0.7777777777777778,0.7788888888888889
T7S37,0.5611111111111111,0.7822222222222223,0.7911111111111111,0.7811111111111111
T7S38,0.5588888888888889,0.7888888888888889,0.7811111111111111,0.6655555555555556
T7S39,0.7788888888888889,0.7788888888888889,0.7833333333333333,0.7866666666666666
T7S40,0.7788888888888889,0.7811111111111111,0.67,0.7833333333333333
T8S1,0.8444444444444444,0.7533333333333334,0.8733333333333334,0.83
T8S2,0.56,0.7233333333333333,0.6277777777777778,0.7022222222222223
T8S3,0.9055555555555556,0.7733333333333333,0.8144444444444444,0.8844444444444445
T8S4,0.7577777777777778,0.9144444444444444,0.5555555555555556,0.902222222222222
T8S5,0.49,0.8577777777777778,0.6244444444444445,0.7411111111111109
T8S6,0.8222222222222223,0.8066666666666666,0.66,0.7822222222222223
T8S7,0.56,0.56,0.56,0.55
T8S8,0.98,0.7111111111111111,0.7011111111111109,0.9477777777777776
T8S9,0.9755555555555556,0.8044444444444445,0.7055555555555555,0.9133333333333334
T8S10,0.5522222222222222,0.4,0.7711111111111112,0.4188888888888889
T8S11,0.9344444444444444,0.5555555555555556,0.5688888888888889,0.8377777777777777
T8S12,0.9411111111111112,0.7266666666666667,0.4455555555555555,0.91
T8S13,0.8777777777777778,0.5655555555555556,0.43333333333333335,0.8999999999999999
T8S14,0.7644444444444445,0.5522222222222222,0.5688888888888889,0.82
T8S15,0.9255555555555556,0.56,0.5744444444444444,0.8122222222222222
T8S16,0.4677777777777778,0.5622222222222222,0.5555555555555556,0.6933333333333334
T8S17,0.7411111111111109,0.5299999999999999,0.56,0.7333333333333333
T8S18,0.8011111111111111,0.4477777777777778,0.6044444444444445,0.7377777777777778
T8S19,0.56,0.6977777777777778,0.56,0.6455555555555555
T8S20,0.7488888888888889,0.4677777777777778,0.7155555555555556,0.7866666666666666
T8S21,0.52,0.7122222222222222,0.6966666666666667,0.8144444444444444
T8S22,0.47,0.6433333333333333,0.1322222222222222,0.8655555555555555
T8S23,0.3988888888888889,0.4088888888888889,0.38222222222222224,0.7333333333333333
T8S24,0.4611111111111112,0.5066666666666666,0.37222222222222223,0.8733333333333334
T8S25,0.4133333333333333,0.43333333333333335,0.3888888888888889,0.8566666666666667
T8S26,0.5544444444444445,0.5544444444444445,0.56,0.8266666666666667
T8S27,0.4955555555555555,0.51,0.7388888888888889,0.69
T8S28,0.56,0.5511111111111111,0.56,0.9644444444444444
T8S29,0.3088888888888889,0.33222222222222225,0.4022222222222223,0.7944444444444445
T8S30,0.15555555555555556,0.3477777777777777,0.13444444444444445,0.8833333333333333
T8S31,0.1611111111111111,0.7333333333333333,0.1611111111111111,0.3633333333333333
T8S32,0.7033333333333334,0.9144444444444444,0.9144444444444444,0.9811111111111112
T8S33,0.4933333333333334,0.7155555555555556,0.66,0.6122222222222222
T8S34,0.5611111111111111,0.7588888888888891,0.6577777777777778,0.7433333333333334
T8S35,0.4022222222222223,0.7411111111111109,0.7488888888888889,0.6555555555555556
T8S36,0.13444444444444445,0.8822222222222222,0.3366666666666667,1.0
T8S37,0.5622222222222222,0.36777777777777776,0.3566666666666667,0.5055555555555555
T8S38,0.5244444444444444,0.5211111111111112,0.6277777777777778,0.6277777777777778
T8S39,0.5611111111111111,0.3844444444444444,0.38333333333333336,0.32
T8S40,0.3477777777777777,0.5588888888888889,0.55,0.4233333333333333
T9S1,0.5611111111111111,0.4488888888888889,0.33444444444444443,0.5522222222222222
T9S2,0.7866666666666666,0.6822222222222222,0.5555555555555556,0.7811111111111111
T9S3,0.7866666666666666,0.7933333333333333,0.7877777777777778,0.7844444444444444
T9S4,0.6655555555555556,0.6633333333333333,0.5588888888888889,0.6766666666666666
T9S5,0.5544444444444445,0.5511111111111111,0.43777777777777777,0.5688888888888889
T9S6,0.7822222222222223,0.6877777777777778,0.6811111111111111,0.7866666666666666
T9S7,0.5644444444444444,0.5566666666666666,0.43333333333333335,0.5588888888888889
T9S8,0.6833333333333333,0.5555555555555556,0.5588888888888889,0.6655555555555556
T9S9,0.6622222222222223,0.45,0.4488888888888889,0.5566666666666666
T9S10,0.43777777777777777,0.44,0.44333333333333336,0.44
T9S11,0.7911111111111111,0.7888888888888889,0.7933333333333333,0.7777777777777778
T9S12,0.7866666666666666,0.7766666666666667,0.7877777777777778,0.6811111111111111
T9S13,0.9055555555555556,0.7822222222222223,0.9077777777777778,0.8977777777777778
T9S14,0.7777777777777778,0.6811111111111111,0.7911111111111111,0.7822222222222223
T9S15,0.69,0.6677777777777778,0.5544444444444445,0.6733333333333333
T9S16,0.45,0.4444444444444444,0.43,0.6711111111111111
T9S17,0.67,0.6711111111111111,0.5588888888888889,0.6733333333333333
T9S18,0.5444444444444445,0.5522222222222222,0.5511111111111111,0.5588888888888889
T9S19,0.4411111111111111,0.4477777777777778,0.43777777777777777,0.5544444444444445
T9S20,0.5688888888888889,0.5522222222222222,0.5555555555555556,0.5877777777777777
T9S21,0.4488888888888889,0.4455555555555555,0.4577777777777778,0.4444444444444444
T9S22,0.44333333333333336,0.4444444444444444,0.4411111111111111,0.5544444444444445
T9S23,0.5555555555555556,0.5522222222222222,0.3433333333333333,0.6633333333333333
T9S24,0.4477777777777778,0.5566666666666666,0.6755555555555556,0.5522222222222222
T9S25,0.56,0.4488888888888889,0.56,0.56
T9S26,0.4555555555555555,0.4555555555555555,0.4477777777777778,0.5688888888888889
T9S27,0.56,0.5611111111111111,0.5522222222222222,0.5588888888888889
T9S28,0.3288888888888889,0.7866666666666666,0.3288888888888889,0.6722222222222222
T9S29,0.44333333333333336,0.4611111111111112,0.3333333333333333,0.5544444444444445
T9S30,0.4488888888888889,0.6733333333333333,0.44,0.6733333333333333
T9S31,0.6733333333333333,0.6733333333333333,0.5588888888888889,0.6722222222222222
T9S32,0.34444444444444444,0.6633333333333333,0.34,0.4511111111111111
T9S33,0.3422222222222222,0.4511111111111111,0.3288888888888889,0.4588888888888889
T9S34,0.5622222222222222,0.6777777777777777,0.4455555555555555,0.67
T9S35,0.33444444444444443,0.67,0.3288888888888889,0.6622222222222223
T9S36,0.3422222222222222,0.7833333333333333,0.7722222222222223,0.7844444444444444
T9S37,0.33222222222222225,0.6766666666666666,0.33,0.6733333333333333
T9S38,0.3244444444444444,0.6766666666666666,0.22111111111111112,0.68
T9S39,0.3522222222222222,0.6777777777777777,0.4477777777777778,0.6711111111111111
T9S40,0.56,0.5566666666666666,0.4488888888888889,0.5511111111111111
T10S1,0.8788888888888889,0.6833333333333333,0.7411111111111109,0.8477777777777777
T10S2,0.3944444444444444,0.64,0.7377777777777778,0.5688888888888889
T10S3,0.6511111111111112,0.4944444444444445,0.6466666666666667,0.6677777777777778
T10S4,0.7788888888888889,0.6566666666666667,0.6677777777777778,0.7622222222222222
T10S5,0.8044444444444445,0.6922222222222223,0.9033333333333334,0.8777777777777778
T10S6,0.7888888888888889,0.6666666666666666,0.7577777777777778,0.7611111111111111
T10S7,0.9955555555555556,0.8422222222222222,0.55,0.7877777777777778
T10S8,0.6311111111111111,0.45,0.6722222222222222,0.6911111111111111
T10S9,0.84,0.69,0.8433333333333333,0.8077777777777777
T10S10,0.66,0.6666666666666666,0.6822222222222222,0.6922222222222223
T10S11,0.9988888888888888,0.7933333333333333,0.7877777777777778,1.0
T10S12,0.5966666666666667,0.4855555555555556,0.4388888888888889,0.7388888888888889
T10S13,0.7466666666666666,0.4044444444444445,0.5188888888888888,0.6755555555555556
T10S14,0.9788888888888888,0.5455555555555556,0.6555555555555556,0.8855555555555555
T10S15,0.59,0.32,0.4277777777777778,0.56
T10S16,0.4277777777777778,0.3144444444444445,0.33222222222222225,0.4544444444444444
T10S17,0.55,0.44,0.4688888888888889,0.6855555555555556
T10S18,0.8122222222222222,0.38222222222222224,0.5755555555555555,0.902222222222222
T10S19,0.8688888888888889,0.5766666666666667,0.6677777777777778,0.8688888888888889
T10S20,0.62,0.3622222222222222,0.41777777777777775,0.6411111111111111
T10S21,0.33,0.58,0.31666666666666665,0.6666666666666666
T10S22,0.4711111111111112,0.3288888888888889,0.4488888888888889,0.37222222222222223
T10S23,0.3188888888888889,0.4711111111111112,0.3566666666666667,0.6044444444444445
T10S24,0.7577777777777778,0.22555555555555554,0.6722222222222222,0.1922222222222222
T10S25,0.21333333333333326,0.4455555555555555,0.3522222222222222,0.7977777777777777
T10S26,0.55,0.18666666666666665,0.5666666666666667,0.6622222222222223
T10S27,0.548888888888889,0.33,0.5611111111111111,0.5666666666666667
T10S28,0.4788888888888889,0.43,0.5,0.6988888888888889
T10S29,0.43777777777777777,0.33,0.56,0.6077777777777778
T10S30,0.2933333333333333,0.56,0.3533333333333333,0.5544444444444445
T10S31,0.4611111111111112,0.61,0.4,0.6144444444444445
T10S32,0.6622222222222223,0.83,1.0,0.7155555555555556
T10S33,0.548888888888889,0.6366666666666667,0.5588888888888889,0.5422222222222222
T10S34,0.4344444444444445,0.6611111111111111,0.56,0.4555555555555555
T10S35,0.15333333333333332,0.6633333333333333,0.6633333333333333,0.4555555555555555
T10S36,0.2411111111111111,0.6866666666666666,0.4733333333333333,0.33444444444444443
T10S37,0.3244444444444444,0.6955555555555555,0.5311111111111111,0.3377777777777778
T10S38,0.2122222222222222,0.6066666666666667,0.33,0.3588888888888889
T10S39,0.2411111111111111,0.69,0.69,0.43
T10S40,0.6422222222222222,0.6833333333333333,0.7822222222222223,0.7155555555555556
T11S1,0.6966666666666667,0.4477777777777778,0.8233333333333334,0.7222222222222222
T11S2,0.63,0.4288888888888889,0.67,0.6255555555555555
T11S3,0.8233333333333334,0.5788888888888889,0.8277777777777778,0.6966666666666667
T11S4,0.8500000000000001,0.7255555555555556,0.9188888888888888,0.7844444444444444
T11S5,0.8233333333333334,0.7111111111111111,0.8388888888888889,0.7422222222222222
T11S6,0.5911111111111111,0.5977777777777777,0.5855555555555555,0.3088888888888889
T11S7,0.7077777777777778,0.5244444444444444,0.57,0.6911111111111111
T11S8,0.6955555555555555,0.6822222222222222,0.8377777777777777,0.6777777777777777
T11S9,0.7822222222222223,0.7133333333333334,0.9233333333333332,0.9244444444444444
T11S10,0.7255555555555556,0.14333333333333334,0.9344444444444444,0.2622222222222222
T11S11,0.8133333333333334,0.3044444444444445,0.7622222222222222,0.5766666666666667
T11S12,0.56,0.11222222222222222,0.8288888888888889,0.15222222222222226
T11S13,0.9355555555555556,0.20222222222222225,0.6677777777777778,0.8544444444444445
T11S14,0.8844444444444445,0.56,0.8133333333333334,0.67
T11S15,0.7688888888888888,0.1177777777777778,0.6611111111111111,0.3377777777777778
T11S16,0.4833333333333333,0.13666666666666666,0.49,0.1988888888888889
T11S17,0.9244444444444444,0.35444444444444445,0.6877777777777778,0.6877777777777778
T11S18,0.8833333333333333,0.3288888888888889,0.9255555555555556,0.7866666666666666
T11S19,0.6155555555555555,0.2888888888888889,0.7111111111111111,0.5622222222222222
T11S20,0.6666666666666666,0.11666666666666667,0.5688888888888889,0.1111111111111111
T11S21,0.3633333333333333,0.2677777777777778,0.17555555555555558,0.7011111111111109
T11S22,0.6833333333333333,0.13,0.6677777777777778,0.7111111111111111
T11S23,0.4133333333333333,0.3033333333333333,0.7055555555555555,0.7722222222222223
T11S24,0.32,0.1177777777777778,0.7155555555555556,0.1477777777777778
T11S25,0.5566666666666666,0.19111111111111112,0.6822222222222222,0.2811111111111111
T11S26,0.61,0.11222222222222222,0.6455555555555555,0.6866666666666666
T11S27,0.2533333333333333,0.8,0.1511111111111111,0.3222222222222222
T11S28,0.4733333333333333,0.12555555555555553,0.548888888888889,0.7533333333333334
T11S29,0.2577777777777778,0.3144444444444445,0.26666666666666666,0.17222222222222222
T11S30,0.508888888888889,0.5511111111111111,0.4255555555555556,0.1111111111111111
T11S31,0.20333333333333334,0.42,0.2588888888888889,0.5566666666666666
T11S32,0.5566666666666666,0.7588888888888891,0.6777777777777777,0.7888888888888889
T11S33,0.6266666666666666,0.7066666666666667,0.6511111111111112,0.13777777777777778
T11S34,0.5422222222222222,0.55,0.548888888888889,0.13777777777777778
T11S35,0.13666666666666666,0.8999999999999999,0.548888888888889,0.11666666666666667
T11S36,0.4022222222222223,0.7066666666666667,0.6633333333333333,0.15777777777777774
T11S37,0.16333333333333333,0.902222222222222,0.23222222222222225,0.13777777777777778
T11S38,0.15000000000000002,0.8277777777777778,0.1322222222222222,0.13555555555555554
T11S39,0.1111111111111111,0.9666666666666666,0.12666666666666665,0.11222222222222222
T11S40,0.55,0.3222222222222222,0.41,0.5511111111111111
T12S1,0.7877777777777778,0.7888888888888889,0.8044444444444445,0.7577777777777778
T12S2,0.6766666666666666,0.7933333333333333,0.5822222222222222,0.6833333333333333
T12S3,0.8144444444444444,0.8144444444444444,0.7911111111111111,0.88
T12S4,0.7622222222222222,1.0,0.6833333333333333,0.6911111111111111
T12S5,0.4455555555555555,0.9122222222222224,0.33,0.3133333333333333
T12S6,0.7388888888888889,0.7866666666666666,0.6766666666666666,0.67
T12S7,0.7522222222222221,0.7788888888888889,0.7377777777777778,0.7744444444444444
T12S8,0.5666666666666667,0.6777777777777777,0.3644444444444444,0.4233333333333333
T12S9,0.8833333333333333,0.9711111111111111,0.8922222222222221,0.8655555555555555
T12S10,0.4511111111111111,0.7733333333333333,0.4344444444444445,0.30666666666666664
T12S11,0.8644444444444445,0.5655555555555556,0.7922222222222222,0.8077777777777777
T12S12,0.7622222222222222,0.7666666666666667,0.5422222222222222,0.6711111111111111
T12S13,0.8877777777777778,0.7677777777777778,0.89,0.8833333333333333
T12S14,0.9055555555555556,0.5766666666666667,0.9188888888888888,0.8722222222222222
T12S15,0.7866666666666666,0.6611111111111111,0.6877777777777778,0.6988888888888889
T12S16,0.56,0.33888888888888885,0.4211111111111111,0.6622222222222223
T12S17,0.54,0.3188888888888889,0.5611111111111111,0.32666666666666666
T12S18,0.8166666666666667,0.57,0.8833333333333333,0.8688888888888889
T12S19,0.7811111111111111,0.7644444444444445,0.69,0.7711111111111112
T12S20,0.8166666666666667,0.7677777777777778,0.8822222222222222,1.0
T12S21,0.23666666666666664,0.5422222222222222,0.21777777777777774,0.4311111111111111
T12S22,0.37,0.3522222222222222,0.37,0.5766666666666667
T12S23,0.19333333333333333,0.35,0.2233333333333333,0.23222222222222225
T12S24,0.31,0.54,0.33888888888888885,0.6677777777777778
T12S25,0.3088888888888889,0.5666666666666667,0.2977777777777778,0.3377777777777778
T12S26,0.6755555555555556,0.5711111111111111,0.5822222222222222,0.7066666666666667
T12S27,0.5611111111111111,0.5566666666666666,0.6911111111111111,0.6922222222222223
T12S28,0.56,0.3366666666666667,0.32333333333333336,0.6655555555555556
T12S29,0.1855555555555556,0.5788888888888889,0.21333333333333326,0.69
T12S30,0.3733333333333333,0.7977777777777777,0.8077777777777777,0.6911111111111111
T12S31,0.3533333333333333,0.8188888888888889,0.3366666666666667,0.3533333333333333
T12S32,0.20666666666666667,0.7722222222222223,0.2233333333333333,0.11444444444444445
T12S33,0.2111111111111111,0.8855555555555555,0.2111111111111111,0.2266666666666667
T12S34,0.5411111111111111,0.9155555555555556,0.21888888888888888,0.1111111111111111
T12S35,0.13555555555555554,0.9888888888888888,0.32,0.1111111111111111
T12S36,0.3133333333333333,0.7933333333333333,0.4311111111111111,0.32666666666666666
T12S37,0.1111111111111111,0.8844444444444445,0.2055555555555556,0.1311111111111111
T12S38,0.31666666666666665,0.7622222222222222,0.34444444444444444,0.24777777777777776
T12S39,0.3533333333333333,0.7966666666666666,0.32,0.3522222222222222
T12S40,0.7566666666666666,0.9688888888888888,0.7711111111111112,0.7866666666666666
T13S1,0.6833333333333333,0.8988888888888888,0.5566666666666666,0.6755555555555556
T13S2,0.4477777777777778,0.8344444444444444,0.8988888888888888,0.3977777777777778
T13S3,1.0,0.7844444444444444,0.5655555555555556,0.7733333333333333
T13S4,0.7866666666666666,0.7788888888888889,0.6722222222222222,0.7788888888888889
T13S5,0.5566666666666666,0.8855555555555555,0.89,0.67
T13S6,0.4955555555555555,0.7744444444444444,0.7888888888888889,0.5555555555555556
T13S7,0.33222222222222225,0.8922222222222221,0.8977777777777778,0.1111111111111111
T13S8,0.8877777777777778,0.7811111111111111,0.7811111111111111,0.902222222222222
T13S9,0.7844444444444444,0.7766666666666667,0.6711111111111111,0.7866666666666666
T13S10,0.4455555555555555,1.0,0.7833333333333333,0.6711111111111111
T13S11,0.7822222222222223,0.6733333333333333,0.4488888888888889,0.7833333333333333
T13S12,0.5644444444444444,0.3422222222222222,0.6755555555555556,0.6677777777777778
T13S13,1.0,0.7844444444444444,0.4511111111111111,1.0
T13S14,0.8855555555555555,0.56,0.6777777777777777,0.8877777777777778
T13S15,0.548888888888889,0.17222222222222222,0.7811111111111111,0.21888888888888888
T13S16,0.5555555555555556,0.1111111111111111,0.1111111111111111,0.4555555555555555
T13S17,0.6655555555555556,0.5588888888888889,0.3377777777777778,0.6677777777777778
T13S18,0.8822222222222222,0.6655555555555556,0.3366666666666667,0.7844444444444444
T13S19,0.9455555555555556,0.6633333333333333,0.6677777777777778,0.9455555555555556
T13S20,0.8444444444444444,0.6733333333333333,0.5544444444444445,0.7811111111111111
T13S21,0.2222222222222222,0.6666666666666666,0.21666666666666667,0.4488888888888889
T13S22,0.4455555555555555,0.5511111111111111,0.33222222222222225,0.6722222222222222
T13S23,0.1111111111111111,0.6655555555555556,0.1111111111111111,0.7722222222222223
T13S24,0.33,0.4488888888888889,0.2122222222222222,0.7877777777777778
T13S25,0.4411111111111111,0.6711111111111111,0.5655555555555556,0.89
T13S26,0.56,0.4444444444444444,0.7788888888888889,0.6655555555555556
T13S27,0.6077777777777778,0.6755555555555556,0.2222222222222222,0.9477777777777776
T13S28,0.7866666666666666,0.89,0.4477777777777778,0.7888888888888889
T13S29,0.4488888888888889,0.7822222222222223,0.22111111111111112,0.8433333333333333
T13S30,0.33888888888888885,0.7844444444444444,0.22111111111111112,0.3244444444444444
T13S31,0.21888888888888888,1.0,0.1111111111111111,0.7844444444444444
T13S32,0.45,1.0,0.6677777777777778,0.6655555555555556
T13S33,0.5055555555555555,0.7788888888888889,0.8933333333333332,0.4911111111111111
T13S34,0.3244444444444444,0.9988888888888888,1.0,0.3377777777777778
T13S35,0.1111111111111111,1.0,0.1111111111111111,0.3366666666666667
T13S36,0.2822222222222222,0.89,1.0,0.4533333333333334
T13S37,0.1111111111111111,0.9966666666666668,0.1111111111111111,0.23111111111111116
T13S38,0.1111111111111111,1.0,0.1111111111111111,0.1111111111111111
T13S39,0.21888888888888888,1.0,0.22111111111111112,0.2233333333333333
T13S40,0.4533333333333334,1.0,0.7811111111111111,0.7866666666666666
T14S1,0.9133333333333334,0.8644444444444445,0.4444444444444444,0.8244444444444444
T14S2,0.6722222222222222,0.8777777777777778,0.5622222222222222,0.5566666666666666
T14S3,0.8333333333333334,0.7422222222222222,0.7933333333333333,0.8422222222222222
T14S4,0.82,0.7466666666666666,0.6866666666666666,0.7711111111111112
T14S5,0.44333333333333336,0.7844444444444444,0.8877777777777778,0.8922222222222221
T14S6,0.7988888888888891,0.7588888888888891,0.7277777777777777,0.8522222222222222
T14S7,0.7611111111111111,0.6144444444444445,0.6866666666666666,0.8466666666666667
T14S8,0.7777777777777778,0.69,0.7977777777777777,0.8844444444444445
T14S9,0.8544444444444445,0.8266666666666667,0.9355555555555556,0.9911111111111109
T14S10,0.20888888888888887,0.8922222222222221,0.7877777777777778,0.45
T14S11,0.8922222222222221,0.4733333333333333,0.6366666666666667,0.8722222222222222
T14S12,0.8477777777777777,0.2888888888888889,0.5644444444444444,0.7788888888888889
T14S13,0.7544444444444445,0.35444444444444445,0.4311111111111111,0.7611111111111111
T14S14,0.8922222222222221,0.4844444444444445,0.8877777777777778,0.8877777777777778
T14S15,0.7866666666666666,0.3744444444444445,0.5711111111111111,0.7966666666666666
T14S16,0.44,0.2611111111111111,0.4055555555555556,0.5011111111111111
T14S17,0.6733333333333333,0.3688888888888889,0.6977777777777778,0.6711111111111111
T14S18,0.8988888888888888,0.35,0.5644444444444444,0.8366666666666667
T14S19,0.8388888888888889,0.6577777777777778,0.6733333333333333,0.5811111111111111
T14S20,0.8144444444444444,0.7366666666666667,0.3633333333333333,0.5166666666666667
T14S21,0.11444444444444445,0.6766666666666666,0.2155555555555556,0.42
T14S22,0.4555555555555555,0.3488888888888889,0.33444444444444443,0.5566666666666666
T14S23,0.2677777777777778,0.6611111111111111,0.2988888888888889,0.7733333333333333
T14S24,0.2622222222222222,0.6877777777777778,0.27222222222222225,0.6344444444444445
T14S25,0.43,0.3433333333333333,0.34,0.7066666666666667
T14S26,0.3644444444444444,0.2577777777777778,0.4444444444444444,0.7522222222222221
T14S27,0.6455555555555555,0.3433333333333333,0.4411111111111111,0.7488888888888889
T14S28,0.2811111111111111,0.3288888888888889,0.2333333333333333,0.6666666666666666
T14S29,0.3244444444444444,0.6622222222222223,0.36000000000000004,0.7255555555555556
T14S30,0.12222222222222225,0.66,0.3488888888888889,0.7822222222222223
T14S31,0.3622222222222222,0.7211111111111111,0.6966666666666667,0.6466666666666667
T14S32,0.22111111111111112,0.7722222222222223,0.7788888888888889,0.37777777777777777
T14S33,0.3533333333333333,0.6477777777777778,0.4233333333333333,0.3222222222222222
T14S34,0.2777777777777778,0.6755555555555556,0.3033333333333333,0.12111111111111113
T14S35,0.2977777777777778,0.6855555555555556,0.4088888888888889,0.3877777777777778
T14S36,0.2233333333333333,0.69,0.6811111111111111,0.2233333333333333
T14S37,0.3855555555555556,0.6622222222222223,0.4488888888888889,0.26666666666666666
T14S38,0.25111111111111106,0.6411111111111111,0.3588888888888889,0.3477777777777777
T14S39,0.7388888888888889,0.7844444444444444,0.8644444444444445,0.3088888888888889
T14S40,0.7422222222222222,0.7622222222222222,0.6666666666666666,0.5811111111111111
T15S1,0.9888888888888888,0.6511111111111112,0.8066666666666666,0.8933333333333332
T15S2,0.56,0.4511111111111111,0.5588888888888889,0.6766666666666666
T15S3,0.8933333333333332,0.5555555555555556,0.7844444444444444,1.0
T15S4,0.8933333333333332,0.44,0.6711111111111111,0.8933333333333332
T15S5,1.0,0.7944444444444445,1.0,1.0
T15S6,1.0,0.57,0.89,0.9944444444444444
T15S7,0.56,0.34,0.6611111111111111,0.5566666666666666
T15S8,1.0,0.56,1.0,0.7833333333333333
T15S9,1.0,0.5622222222222222,0.7766666666666667,0.8922222222222221
T15S10,0.5544444444444445,0.56,0.7844444444444444,0.6611111111111111
T15S11,0.9988888888888888,0.5566666666666666,0.8066666666666666,1.0
T15S12,0.7866666666666666,0.33222222222222225,0.6733333333333333,0.6811111111111111
T15S13,0.7844444444444444,0.4488888888888889,0.6666666666666666,0.8944444444444445
T15S14,0.9055555555555556,0.4388888888888889,0.7811111111111111,1.0
T15S15,0.902222222222222,0.4477777777777778,1.0,0.7833333333333333
T15S16,0.4633333333333333,0.3277777777777778,0.4477777777777778,0.6733333333333333
T15S17,0.8999999999999999,0.3288888888888889,0.7822222222222223,0.902222222222222
T15S18,0.7822222222222223,0.45,0.7733333333333333,0.7833333333333333
T15S19,0.7822222222222223,0.33444444444444443,0.6755555555555556,0.7777777777777778
T15S20,0.8855555555555555,0.5622222222222222,0.7844444444444444,1.0
T15S21,0.3433333333333333,0.3488888888888889,0.3477777777777777,0.4555555555555555
T15S22,0.4577777777777778,0.2266666666666667,0.4511111111111111,0.44
T15S23,0.33888888888888885,0.4577777777777778,0.32,0.4477777777777778
T15S24,0.21333333333333326,0.6722222222222222,0.3244444444444444,0.89
T15S25,0.3288888888888889,0.56,0.3277777777777778,0.8888888888888888
T15S26,0.5511111111111111,0.3377777777777778,0.3277777777777778,0.6666666666666666
T15S27,0.6666666666666666,0.46,0.5744444444444444,0.8955555555555557
T15S28,0.4455555555555555,0.5522222222222222,0.4488888888888889,0.7822222222222223
T15S29,0.45,0.6755555555555556,0.4455555555555555,0.8888888888888888
T15S30,0.2266666666666667,0.7766666666666667,0.4477777777777778,0.7722222222222223
T15S31,0.33222222222222225,0.4455555555555555,0.3366666666666667,0.3277777777777778
T15S32,0.4411111111111111,0.6722222222222222,0.34444444444444444,0.1111111111111111
T15S33,0.33444444444444443,0.4455555555555555,0.4588888888888889,0.1111111111111111
T15S34,0.33444444444444443,0.7922222222222222,0.33,0.1111111111111111
T15S35,0.5611111111111111,0.7677777777777778,0.5588888888888889,0.2333333333333333
T15S36,0.44,0.5555555555555556,0.4533333333333334,0.22555555555555554
T15S37,0.3377777777777778,0.56,0.2111111111111111,0.1111111111111111
T15S38,0.23111111111111116,0.7811111111111111,0.11444444444444445,0.1111111111111111
T15S39,0.4444444444444444,0.5588888888888889,0.2233333333333333,0.1111111111111111
T15S40,0.4455555555555555,0.7911111111111111,0.11555555555555555,0.2355555555555556
T16S1,0.27888888888888885,0.6277777777777778,0.3222222222222222,0.21888888888888888
T16S2,0.7166666666666667,0.5588888888888889,0.56,0.6155555555555555
T16S3,0.7488888888888889,0.6477777777777778,0.7077777777777778,0.7588888888888891
T16S4,0.7877777777777778,0.63,0.2811111111111111,0.6277777777777778
T16S5,0.6122222222222222,0.8777777777777778,1.0,0.9044444444444444
T16S6,0.5544444444444445,0.4033333333333333,0.5611111111111111,0.3088888888888889
T16S7,0.7588888888888891,0.3188888888888889,0.6855555555555556,0.7933333333333333
T16S8,0.39,0.32,0.7933333333333333,0.16666666666666666
T16S9,0.4644444444444445,0.4711111111111112,0.5055555555555555,0.3288888888888889
T16S10,0.5711111111111111,0.8333333333333334,1.0,0.7788888888888889
T16S11,0.8077777777777777,0.4744444444444444,0.56,0.35
T16S12,0.6633333333333333,0.43333333333333335,0.4555555555555555,0.6677777777777778
T16S13,0.4311111111111111,0.23777777777777775,0.15777777777777774,0.2822222222222222
T16S14,0.4044444444444445,0.6977777777777778,0.3144444444444445,0.7733333333333333
T16S15,0.29666666666666663,0.6144444444444445,0.1111111111111111,0.6722222222222222
T16S16,0.5522222222222222,0.1111111111111111,0.5611111111111111,0.30666666666666664
T16S17,0.13444444444444445,0.9411111111111112,0.1322222222222222,1.0
T16S18,0.7288888888888888,0.6355555555555555,0.58,0.8188888888888889
T16S19,0.31777777777777777,0.32666666666666666,0.43333333333333335,0.26666666666666666
T16S20,0.4244444444444444,0.6522222222222223,0.8477777777777777,0.20777777777777776
T16S21,0.4911111111111111,0.2222222222222222,0.6911111111111111,0.2911111111111111
T16S22,0.7544444444444445,0.1111111111111111,0.5588888888888889,0.4844444444444445
T16S23,0.43333333333333335,0.4255555555555556,0.30777777777777776,0.3933333333333333
T16S24,0.27888888888888885,0.5977777777777777,0.17,0.6655555555555556
T16S25,0.2744444444444445,0.38333333333333336,0.26666666666666666,0.23666666666666664
T16S26,0.20222222222222225,0.69,0.3733333333333333,0.84
T16S27,0.2877777777777777,0.61,0.32,0.20333333333333334
T16S28,0.31666666666666665,0.3755555555555555,0.38222222222222224,0.7433333333333334
T16S29,0.3588888888888889,0.31,0.3433333333333333,0.2911111111111111
T16S30,0.6777777777777777,0.4088888888888889,0.4311111111111111,0.6722222222222222
T16S31,0.4311111111111111,0.6433333333333333,0.56,0.6877777777777778
T16S32,0.5566666666666666,0.902222222222222,0.5511111111111111,0.31777777777777777
T16S33,0.1111111111111111,0.4355555555555555,0.5511111111111111,0.1111111111111111
T16S34,0.1111111111111111,0.8366666666666667,0.1111111111111111,0.1111111111111111
T16S35,0.1111111111111111,0.4122222222222222,0.4688888888888889,0.20222222222222225
T16S36,0.5611111111111111,0.4255555555555556,0.6855555555555556,0.6533333333333333
T16S37,0.6766666666666666,0.6111111111111112,0.7155555555555556,0.6477777777777778
T16S38,0.4744444444444444,0.6955555555555555,0.8822222222222222,0.7255555555555556
T16S39,0.6811111111111111,0.6633333333333333,0.9433333333333334,0.6666666666666666
T16S40,0.4155555555555556,0.4188888888888889,0.45,0.6877777777777778
T17S1,0.45,0.6622222222222223,0.5566666666666666,0.56
T17S2,0.8066666666666666,0.7811111111111111,0.5866666666666667,0.8122222222222222
T17S3,0.7177777777777777,0.6422222222222222,0.56,0.6711111111111111
T17S4,0.7055555555555555,0.6177777777777778,0.6377777777777778,0.4488888888888889
T17S5,0.7833333333333333,0.9055555555555556,0.68,0.8166666666666667
T17S6,0.7666666666666667,0.6611111111111111,0.5966666666666667,0.7933333333333333
T17S7,0.7866666666666666,0.7333333333333333,0.6522222222222223,0.9033333333333334
T17S8,0.6722222222222222,0.5544444444444445,0.5555555555555556,0.67
T17S9,0.6711111111111111,0.6811111111111111,0.5666666666666667,0.6933333333333334
T17S10,0.6766666666666666,0.7833333333333333,0.6155555555555555,0.6733333333333333
T17S11,0.67,0.63,0.6511111111111112,0.6777777777777777
T17S12,0.6622222222222223,0.4088888888888889,0.6211111111111111,0.5511111111111111
T17S13,0.5044444444444445,0.6122222222222222,0.5644444444444444,0.7188888888888889
T17S14,0.7311111111111112,0.6499999999999999,0.6211111111111111,0.8133333333333334
T17S15,0.6622222222222223,0.4511111111111111,0.56,0.6655555555555556
T17S16,0.6577777777777778,0.4022222222222223,0.6222222222222222,0.6977777777777778
T17S17,0.4577777777777778,0.2777777777777778,0.56,0.4255555555555556
T17S18,0.6911111111111111,0.4255555555555556,0.61,0.8544444444444445
T17S19,0.8077777777777777,0.67,0.56,0.6777777777777777
T17S20,0.7811111111111111,0.4311111111111111,0.6522222222222223,0.6966666666666667
T17S21,0.4444444444444444,0.4544444444444444,0.5822222222222222,0.4677777777777778
T17S22,0.35444444444444445,0.4244444444444444,0.6355555555555555,0.6322222222222222
T17S23,0.4022222222222223,0.3277777777777778,0.56,0.3244444444444444
T17S24,0.5033333333333334,0.4744444444444444,0.5,0.6733333333333333
T17S25,0.6866666666666666,0.4444444444444444,0.56,0.7188888888888889
T17S26,0.4144444444444445,0.30777777777777776,0.6455555555555555,0.4144444444444445
T17S27,0.44,0.3655555555555556,0.56,0.2911111111111111
T17S28,0.6266666666666666,0.42,0.6411111111111111,0.6711111111111111
T17S29,0.6155555555555555,0.5555555555555556,0.6077777777777778,0.6555555555555556
T17S30,0.3377777777777778,0.6455555555555555,0.51,0.6755555555555556
T17S31,0.5044444444444445,0.6322222222222222,0.47,0.6255555555555555
T17S32,0.4488888888888889,0.6511111111111112,0.5644444444444444,0.43777777777777777
T17S33,0.4255555555555556,0.6377777777777778,0.6166666666666667,0.31777777777777777
T17S34,0.5544444444444445,0.7088888888888889,0.5355555555555556,0.32
T17S35,0.4633333333333333,0.6377777777777778,0.6066666666666667,0.2611111111111111
T17S36,0.3744444444444445,0.68,0.59,0.2388888888888889
T17S37,0.3844444444444444,0.7811111111111111,0.6511111111111112,0.1111111111111111
T17S38,0.4,0.6922222222222223,0.6455555555555555,0.26666666666666666
T17S39,0.7888888888888889,0.7811111111111111,0.6611111111111111,0.4455555555555555
T17S40,0.56,0.67,0.5611111111111111,0.6355555555555555
T18S1,0.7033333333333334,0.7488888888888889,0.6377777777777778,0.6955555555555555
T18S2,0.7633333333333333,0.6766666666666666,0.7066666666666667,0.63
T18S3,0.7066666666666667,0.7466666666666666,0.6755555555555556,0.7022222222222223
T18S4,0.7388888888888889,0.8855555555555555,0.7477777777777779,0.7533333333333334
T18S5,0.6811111111111111,0.8577777777777778,0.8377777777777777,0.8433333333333333
T18S6,0.7233333333333333,0.6711111111111111,0.5922222222222222,0.6722222222222222
T18S7,0.8144444444444444,0.7711111111111112,0.7644444444444445,0.6977777777777778
T18S8,0.5555555555555556,0.61,0.6633333333333333,0.51
T18S9,0.7277777777777777,0.67,0.66,0.7288888888888888
T18S10,0.6766666666666666,0.81,0.8122222222222222,0.8588888888888889
T18S11,0.6933333333333334,0.7333333333333333,0.67,0.6077777777777778
T18S12,0.6166666666666667,0.5144444444444445,0.56,0.4588888888888889
T18S13,0.8144444444444444,0.4544444444444444,0.54,0.6833333333333333
T18S14,0.7355555555555555,0.43777777777777777,0.6822222222222222,0.6766666666666666
T18S15,0.6711111111111111,0.5944444444444444,0.6111111111111112,0.5299999999999999
T18S16,0.4866666666666666,0.4477777777777778,0.6366666666666667,0.4077777777777778
T18S17,0.86,0.6411111111111111,0.7811111111111111,0.9455555555555556
T18S18,0.7833333333333333,0.3422222222222222,0.6633333333333333,0.7377777777777778
T18S19,0.7822222222222223,0.7588888888888891,0.6722222222222222,0.81
T18S20,0.6933333333333334,0.6344444444444445,0.6411111111111111,0.6655555555555556
T18S21,0.4355555555555555,0.4811111111111111,0.4888888888888889,0.4766666666666667
T18S22,0.6322222222222222,0.4411111111111111,0.5588888888888889,0.4577777777777778
T18S23,0.4122222222222222,0.4788888888888889,0.5544444444444445,0.4788888888888889
T18S24,0.3577777777777778,0.69,0.31222222222222223,0.7055555555555555
T18S25,0.47,0.6222222222222222,0.6366666666666667,0.41
T18S26,0.6044444444444445,0.3422222222222222,0.62,0.45
T18S27,0.66,0.5822222222222222,0.6555555555555556,0.5955555555555556
T18S28,0.6611111111111111,0.4866666666666666,0.6011111111111112,0.66
T18S29,0.5444444444444445,0.4688888888888889,0.4766666666666667,0.4355555555555555
T18S30,0.3288888888888889,0.6122222222222222,0.42,0.4955555555555555
T18S31,0.4933333333333334,0.6722222222222222,0.7744444444444444,0.7111111111111111
T18S32,0.5133333333333333,0.7477777777777779,0.7022222222222223,0.6566666666666667
T18S33,0.5066666666666666,0.4611111111111112,0.69,0.3477777777777777
T18S34,0.4611111111111112,0.3622222222222222,0.6977777777777778,0.3577777777777778
T18S35,0.5688888888888889,0.7844444444444444,0.7566666666666666,0.67
T18S36,0.5822222222222222,0.7766666666666667,0.7866666666666666,0.6722222222222222
T18S37,0.4444444444444444,0.6933333333333334,0.7077777777777778,0.45
T18S38,0.5011111111111111,0.4488888888888889,0.5566666666666666,0.33444444444444443
T18S39,0.4511111111111111,0.508888888888889,0.6266666666666666,0.44333333333333336
T18S40,0.5555555555555556,0.6733333333333333,0.6766666666666666,0.5544444444444445
T19S1,0.8266666666666667,0.7166666666666667,0.6566666666666667,0.7722222222222223
T19S2,0.7177777777777777,0.7566666666666666,0.6477777777777778,0.6988888888888889
T19S3,0.7577777777777778,0.7822222222222223,0.67,0.8122222222222222
T19S4,0.6411111111111111,0.6144444444444445,0.45,0.6377777777777778
T19S5,0.8655555555555555,0.9577777777777776,0.8844444444444445,1.0
T19S6,0.8588888888888889,0.7666666666666667,0.6633333333333333,0.8566666666666667
T19S7,0.7377777777777778,0.7322222222222222,0.5555555555555556,0.7588888888888891
T19S8,0.8266666666666667,0.7411111111111109,0.7255555555555556,0.7711111111111112
T19S9,0.7877777777777778,0.63,0.5588888888888889,0.7633333333333333
T19S10,0.5566666666666666,0.8522222222222222,0.7533333333333334,0.89
T19S11,0.6477777777777778,0.6255555555555555,0.6566666666666667,0.6877777777777778
T19S12,0.6955555555555555,0.63,0.3922222222222222,0.69
T19S13,0.8366666666666667,0.7211111111111111,0.5611111111111111,0.84
T19S14,0.7511111111111111,0.33444444444444443,0.2277777777777777,0.6811111111111111
T19S15,0.6311111111111111,0.3033333333333333,0.28444444444444444,0.7133333333333334
T19S16,0.36000000000000004,0.21666666666666667,0.2888888888888889,0.6111111111111112
T19S17,0.82,0.3933333333333333,0.3655555555555556,0.9744444444444444
T19S18,0.8633333333333333,0.7055555555555555,0.5588888888888889,0.8366666666666667
T19S19,0.8500000000000001,0.7833333333333333,0.6877777777777778,0.8844444444444445
T19S20,0.6811111111111111,0.6677777777777778,0.55,0.3655555555555556
T19S21,0.2433333333333333,0.3644444444444444,0.3422222222222222,0.6811111111111111
T19S22,0.56,0.5411111111111111,0.56,0.5844444444444444
T19S23,0.4188888888888889,0.4155555555555556,0.2355555555555556,0.5011111111111111
T19S24,0.3588888888888889,0.4455555555555555,0.6477777777777778,0.6011111111111112
T19S25,0.2433333333333333,0.4233333333333333,0.3655555555555556,0.8377777777777777
T19S26,0.55,0.3922222222222222,0.2677777777777778,0.6011111111111112
T19S27,0.5522222222222222,0.33,0.56,0.39
T19S28,0.69,0.23111111111111116,0.32,0.7733333333333333
T19S29,0.3133333333333333,0.6044444444444445,0.4544444444444444,0.4155555555555556
T19S30,0.31666666666666665,0.25111111111111106,0.41777777777777775,0.7311111111111112
T19S31,0.5588888888888889,0.6533333333333333,0.508888888888889,0.3044444444444445
T19S32,0.5511111111111111,0.8566666666666667,0.7766666666666667,0.7488888888888889
T19S33,0.37777777777777777,0.7922222222222222,0.6933333333333334,0.16
T19S34,0.4633333333333333,0.7255555555555556,0.6466666666666667,0.5422222222222222
T19S35,0.3566666666666667,0.67,0.7111111111111111,0.1111111111111111
T19S36,0.4122222222222222,0.6611111111111111,0.6155555555555555,0.3288888888888889
T19S37,0.35,0.6144444444444445,0.6577777777777778,0.1111111111111111
T19S38,0.18000000000000002,0.8422222222222222,0.6455555555555555,0.1111111111111111
T19S39,0.56,0.5611111111111111,0.56,0.1111111111111111
T19S40,0.4711111111111112,0.7033333333333334,0.6733333333333333,0.20333333333333334
T20S1,0.64,0.5311111111111111,0.42,0.59
T20S2,0.7522222222222221,0.56,0.34444444444444444,0.7566666666666666
T20S3,0.7977777777777777,0.47,0.6322222222222222,0.8188888888888889
T20S4,0.7833333333333333,0.6577777777777778,0.6066666666666667,0.7677777777777778
T20S5,0.98,0.8955555555555557,0.8733333333333334,0.9244444444444444
T20S6,0.8466666666666667,0.6377777777777778,0.3533333333333333,0.8655555555555555
T20S7,0.5855555555555555,0.7788888888888889,0.56,0.6933333333333334
T20S8,0.8477777777777777,0.6577777777777778,0.8722222222222222,0.8533333333333333
T20S9,0.9133333333333334,0.8122222222222222,0.56,0.8999999999999999
T20S10,0.57,0.7566666666666666,0.4533333333333334,0.8955555555555557
T20S11,0.9088888888888887,0.7122222222222222,0.7888888888888889,0.8188888888888889
T20S12,0.8488888888888888,0.6066666666666667,0.7155555555555556,0.7066666666666667
T20S13,0.8788888888888889,0.56,0.8188888888888889,0.8577777777777778
T20S14,0.7111111111111111,0.6222222222222222,0.5188888888888888,0.6455555555555555
T20S15,0.7055555555555555,0.5844444444444444,0.52,0.6988888888888889
T20S16,0.5588888888888889,0.3333333333333333,0.2922222222222222,0.4122222222222222
T20S17,0.56,0.5544444444444445,0.56,0.7422222222222222
T20S18,0.8166666666666667,0.7066666666666667,0.41,0.8022222222222222
T20S19,0.8433333333333333,0.6244444444444445,0.6733333333333333,0.8477777777777777
T20S20,0.7388888888888889,0.59,0.5911111111111111,0.6622222222222223
T20S21,0.5522222222222222,0.5466666666666666,0.56,0.3366666666666667
T20S22,0.4511111111111111,0.5955555555555556,0.42,0.6611111111111111
T20S23,0.3133333333333333,0.7011111111111109,0.2644444444444444,0.8677777777777778
T20S24,0.3333333333333333,0.5566666666666666,0.32666666666666666,0.6155555555555555
T20S25,0.33222222222222225,0.56,0.56,0.56
T20S26,0.4788888888888889,0.36000000000000004,0.25111111111111106,0.56
T20S27,0.5588888888888889,0.4344444444444445,0.55,0.44
T20S28,0.5566666666666666,0.3622222222222222,0.56,0.6533333333333333
T20S29,0.2711111111111111,0.6077777777777778,0.2411111111111111,0.7988888888888891
T20S30,0.3877777777777778,0.7266666666666667,0.2266666666666667,0.6988888888888889
T20S31,0.4955555555555555,0.6977777777777778,0.3033333333333333,0.4955555555555555
T20S32,0.6977777777777778,0.6344444444444445,0.47,0.6166666666666667
T20S33,0.5155555555555555,0.6677777777777778,0.56,0.4533333333333334
T20S34,0.5266666666666667,0.7866666666666666,0.51,0.2911111111111111
T20S35,0.4833333333333333,0.8277777777777778,0.56,0.3533333333333333
T20S36,0.4766666666666667,0.8322222222222222,0.37222222222222223,0.6044444444444445
T20S37,0.33444444444444443,0.5866666666666667,0.44333333333333336,0.2744444444444445
T20S38,0.3755555555555555,0.66,0.498888888888889,0.33
T20S39,0.5188888888888888,0.6811111111111111,0.4122222222222222,0.3855555555555556
T20S40,0.548888888888889,0.3144444444444445,0.5011111111111111,0.2533333333333333
T21S1,0.7133333333333334,0.4677777777777778,0.6811111111111111,0.3944444444444444
T21S2,0.7833333333333333,0.6711111111111111,0.4511111111111111,0.67
T21S3,0.5366666666666666,0.37222222222222223,0.5511111111111111,0.3033333333333333
T21S4,0.5611111111111111,0.6677777777777778,0.5555555555555556,0.3366666666666667
T21S5,0.8988888888888888,0.7944444444444445,0.95,0.7788888888888889
T21S6,0.88,0.7833333333333333,0.6822222222222222,0.7622222222222222
T21S7,0.7833333333333333,0.7311111111111112,0.7966666666666666,0.7266666666666667
T21S8,0.9788888888888888,0.7888888888888889,0.7922222222222222,0.8822222222222222
T21S9,0.9511111111111112,0.7777777777777778,0.9555555555555556,0.8922222222222221
T21S10,0.7833333333333333,0.7644444444444445,0.8988888888888888,0.7211111111111111
T21S11,0.7833333333333333,0.7288888888888888,1.0,0.6633333333333333
T21S12,0.5144444444444445,0.4511111111111111,0.3422222222222222,0.6811111111111111
T21S13,0.4744444444444444,0.6855555555555556,0.5366666666666666,0.5233333333333333
T21S14,0.8999999999999999,0.7888888888888889,0.7633333333333333,0.7711111111111112
T21S15,0.7688888888888888,0.6655555555555556,0.6666666666666666,0.6777777777777777
T21S16,0.6655555555555556,0.7888888888888889,0.7877777777777778,0.7788888888888889
T21S17,0.6144444444444445,0.4455555555555555,0.5588888888888889,0.32333333333333336
T21S18,0.8877777777777778,0.9144444444444444,0.8944444444444445,0.8344444444444444
T21S19,0.8066666666666666,0.6988888888888889,0.8577777777777778,0.7533333333333334
T21S20,0.2588888888888889,0.6722222222222222,0.3144444444444445,0.4511111111111111
T21S21,0.4533333333333334,0.32333333333333336,0.3277777777777778,0.2488888888888889
T21S22,0.23222222222222225,0.67,0.4477777777777778,0.2866666666666667
T21S23,0.5211111111111112,0.6711111111111111,0.4455555555555555,0.6655555555555556
T21S24,0.33222222222222225,0.6677777777777778,0.33,0.6166666666666667
T21S25,0.4411111111111111,0.7811111111111111,0.41,0.6666666666666666
T21S26,0.4511111111111111,0.44333333333333336,0.22111111111111112,0.4488888888888889
T21S27,0.4455555555555555,0.6755555555555556,0.3433333333333333,0.6655555555555556
T21S28,0.3377777777777778,0.6622222222222223,0.4511111111111111,0.67
T21S29,0.33444444444444443,0.7122222222222222,0.6733333333333333,0.6533333333333333
T21S30,0.38333333333333336,0.7288888888888888,0.4388888888888889,0.6255555555555555
T21S31,0.56,0.5566666666666666,0.8322222222222222,0.6677777777777778
T21S32,0.6966666666666667,0.7788888888888889,0.9766666666666666,0.7766666666666667
T21S33,0.7811111111111111,0.7822222222222223,1.0,0.7288888888888888
T21S34,0.4511111111111111,0.32333333333333336,0.3244444444444444,0.2266666666666667
T21S35,0.5466666666666666,0.32333333333333336,0.66,0.1111111111111111
T21S36,0.7644444444444445,0.8011111111111111,0.9177777777777778,0.7211111111111111
T21S37,0.3377777777777778,0.6755555555555556,0.21888888888888888,0.2155555555555556
T21S38,0.3366666666666667,0.6666666666666666,0.7811111111111111,0.12777777777777774
T21S39,0.6766666666666666,0.7522222222222221,0.81,0.3533333333333333
T21S40,0.44333333333333336,0.6411111111111111,0.7733333333333333,0.2155555555555556
T22S1,0.5611111111111111,0.22111111111111112,0.56,0.33222222222222225
T22S2,0.7866666666666666,0.7833333333333333,0.6733333333333333,0.7911111111111111
T22S3,0.7833333333333333,0.67,0.5544444444444445,0.6666666666666666
T22S4,0.7844444444444444,0.6622222222222223,0.6811111111111111,0.6611111111111111
T22S5,0.7888888888888889,0.7866666666666666,0.7822222222222223,0.7822222222222223
T22S6,0.5522222222222222,0.3333333333333333,0.5555555555555556,0.33
T22S7,0.67,0.5544444444444445,0.56,0.56
T22S8,0.7877777777777778,0.5555555555555556,0.67,0.7711111111111112
T22S9,1.0,0.8944444444444445,1.0,1.0
T22S10,0.4444444444444444,0.6733333333333333,0.67,0.5555555555555556
T22S11,0.8944444444444445,0.6733333333333333,0.6755555555555556,0.7833333333333333
T22S12,0.5544444444444445,0.1111111111111111,0.5522222222222222,0.33
T22S13,0.7788888888888889,0.5522222222222222,0.6722222222222222,0.8922222222222221
T22S14,0.8944444444444445,0.6677777777777778,0.6711111111111111,0.8888888888888888
T22S15,0.5555555555555556,0.1111111111111111,0.56,0.2155555555555556
T22S16,0.6733333333333333,0.45,0.6722222222222222,0.6711111111111111
T22S17,0.56,0.4488888888888889,0.56,0.5555555555555556
T22S18,0.8977777777777778,0.6755555555555556,0.7833333333333333,0.8955555555555557
T22S19,1.0,0.6822222222222222,0.6711111111111111,0.8877777777777778
T22S20,0.7866666666666666,0.5588888888888889,0.5544444444444445,0.6711111111111111
T22S21,0.33,0.55,0.6711111111111111,0.4488888888888889
T22S22,0.45,0.4511111111111111,0.56,0.5566666666666666
T22S23,0.33222222222222225,0.5588888888888889,0.4411111111111111,0.6711111111111111
T22S24,0.21777777777777774,0.7833333333333333,0.4455555555555555,0.8933333333333332
T22S25,0.3277777777777778,0.5444444444444445,0.3288888888888889,0.7833333333333333
T22S26,0.5555555555555556,0.3333333333333333,0.56,0.67
T22S27,0.7844444444444444,0.6655555555555556,0.6711111111111111,0.7833333333333333
T22S28,0.4477777777777778,0.2233333333333333,0.56,0.7788888888888889
T22S29,0.2222222222222222,0.6722222222222222,0.4488888888888889,0.7844444444444444
T22S30,0.1111111111111111,0.7811111111111111,0.3377777777777778,0.7766666666666667
T22S31,0.2233333333333333,0.21777777777777774,0.33,0.3244444444444444
T22S32,0.22111111111111112,0.7788888888888889,0.45,0.1111111111111111
T22S33,0.21777777777777774,0.7844444444444444,0.32666666666666666,0.1111111111111111
T22S34,0.56,0.7833333333333333,0.7833333333333333,0.2233333333333333
T22S35,0.22111111111111112,0.7866666666666666,0.4533333333333334,0.1111111111111111
T22S36,0.21777777777777774,0.7844444444444444,0.7833333333333333,0.7822222222222223
T22S37,0.1111111111111111,0.6722222222222222,0.2277777777777777,0.1111111111111111
T22S38,0.1111111111111111,0.7833333333333333,0.21888888888888888,0.1111111111111111
T22S39,0.1111111111111111,0.7788888888888889,0.4477777777777778,0.1111111111111111
T22S40,0.33,0.21777777777777774,0.56,0.11444444444444445
T23S1,0.8566666666666667,0.7288888888888888,0.8566666666666667,0.86
T23S2,1.0,1.0,1.0,1.0
T23S3,0.7877777777777778,0.46,0.7777777777777778,0.7544444444444445
T23S4,0.9122222222222224,0.7744444444444444,0.9188888888888888,0.9355555555555556
T23S5,0.7711111111111112,0.7788888888888889,0.7833333333333333,0.6677777777777778
T23S6,0.5655555555555556,0.5522222222222222,0.5522222222222222,0.6633333333333333
T23S7,0.9933333333333332,0.8677777777777778,0.8877777777777778,0.9988888888888888
T23S8,0.8033333333333333,0.55,0.8188888888888889,0.87
T23S9,0.7811111111111111,0.5555555555555556,0.7788888888888889,0.6711111111111111
T23S10,0.5566666666666666,0.33222222222222225,0.5622222222222222,0.4477777777777778
T23S11,0.7777777777777778,0.5555555555555556,0.8288888888888889,0.8999999999999999
T23S12,0.7777777777777778,0.2122222222222222,0.7822222222222223,0.7777777777777778
T23S13,0.89,0.5622222222222222,0.83,0.89
T23S14,0.89,0.7788888888888889,0.8722222222222222,0.89
T23S15,0.7777777777777778,0.21777777777777774,0.8333333333333334,0.8188888888888889
T23S16,0.5722222222222223,0.2122222222222222,0.56,0.4188888888888889
T23S17,0.31777777777777777,0.1111111111111111,0.39,0.1177777777777778
T23S18,0.7911111111111111,0.55,0.8922222222222221,0.7833333333333333
T23S19,0.9055555555555556,0.5566666666666666,0.8688888888888889,0.8988888888888888
T23S20,0.44,0.1111111111111111,0.548888888888889,0.2122222222222222
T23S21,0.2122222222222222,0.1111111111111111,0.82,0.1111111111111111
T23S22,0.33,0.1111111111111111,0.5622222222222222,0.22555555555555554
T23S23,0.4633333333333333,0.21888888888888888,0.6466666666666667,0.45
T23S24,0.7255555555555556,0.22555555555555554,0.7233333333333333,0.8822222222222222
T23S25,0.5522222222222222,0.1111111111111111,0.44,0.2333333333333333
T23S26,0.9188888888888888,0.5555555555555556,0.9244444444444444,0.902222222222222
T23S27,0.5622222222222222,0.11666666666666667,0.56,0.32
T23S28,0.56,0.1111111111111111,0.56,0.22555555555555554
T23S29,0.4133333333333333,0.1177777777777778,0.7944444444444445,0.3288888888888889
T23S30,0.4311111111111111,0.1322222222222222,0.4588888888888889,0.8244444444444444
T23S31,0.54,0.1111111111111111,0.5544444444444445,0.20777777777777776
T23S32,0.8855555555555555,0.7822222222222223,0.92,0.8955555555555557
T23S33,0.56,0.1111111111111111,0.548888888888889,0.2055555555555556
T23S34,0.7466666666666666,0.7055555555555555,0.7544444444444445,0.8788888888888889
T23S35,0.5755555555555555,0.1111111111111111,0.5555555555555556,0.21666666666666667
T23S36,0.5466666666666666,0.1111111111111111,0.5866666666666667,0.20666666666666667
T23S37,0.4788888888888889,0.1111111111111111,0.5388888888888889,0.22555555555555554
T23S38,0.5522222222222222,0.1111111111111111,0.6722222222222222,0.19666666666666666
T23S39,0.5555555555555556,0.1111111111111111,0.7844444444444444,0.2233333333333333
T23S40,0.5422222222222222,0.1111111111111111,0.33888888888888885,0.2266666666666667
T24S1,0.7844444444444444,0.6766666666666666,0.8922222222222221,0.7822222222222223
T24S2,0.6711111111111111,0.6766666666666666,0.7744444444444444,0.6677777777777778
T24S3,0.9955555555555556,0.7911111111111111,0.9955555555555556,0.6722222222222222
T24S4,0.6722222222222222,0.7833333333333333,0.6722222222222222,0.7744444444444444
T24S5,0.7844444444444444,0.6622222222222223,0.7811111111111111,0.7811111111111111
T24S6,0.6622222222222223,0.6655555555555556,0.5566666666666666,0.4488888888888889
T24S7,0.3377777777777778,0.66,0.6622222222222223,0.2222222222222222
T24S8,0.7811111111111111,0.5544444444444445,0.6711111111111111,0.6677777777777778
T24S9,0.7866666666666666,0.5566666666666666,0.8933333333333332,0.8944444444444445
T24S10,0.5566666666666666,0.56,0.67,0.4411111111111111
T24S11,0.7811111111111111,0.5622222222222222,0.7866666666666666,0.6611111111111111
T24S12,0.7822222222222223,0.34,0.7844444444444444,0.56
T24S13,0.8888888888888888,0.6733333333333333,0.67,0.7822222222222223
T24S14,0.8944444444444445,0.6711111111111111,0.7866666666666666,0.6677777777777778
T24S15,0.6666666666666666,0.2222222222222222,0.67,0.4544444444444444
T24S16,0.4444444444444444,0.4511111111111111,0.5588888888888889,0.6677777777777778
T24S17,0.4533333333333334,0.6655555555555556,0.5522222222222222,0.4477777777777778
T24S18,0.9955555555555556,0.7777777777777778,0.7877777777777778,0.8888888888888888
T24S19,0.7811111111111111,0.5611111111111111,0.7866666666666666,0.5555555555555556
T24S20,0.4477777777777778,0.6755555555555556,0.7866666666666666,0.3333333333333333
T24S21,0.21777777777777774,0.8944444444444445,0.8888888888888888,0.66
T24S22,0.3366666666666667,0.6733333333333333,0.4477777777777778,0.7677777777777778
T24S23,0.1111111111111111,0.8955555555555557,0.21888888888888888,0.46
T24S24,0.33222222222222225,0.6733333333333333,0.2266666666666667,0.3333333333333333
T24S25,0.3466666666666667,0.7766666666666667,0.4488888888888889,0.5522222222222222
T24S26,0.45,0.7766666666666667,0.4511111111111111,0.7866666666666666
T24S27,0.6755555555555556,0.5588888888888889,0.7888888888888889,0.6822222222222222
T24S28,0.4477777777777778,0.6722222222222222,0.4477777777777778,0.6666666666666666
T24S29,0.4411111111111111,0.6711111111111111,0.5522222222222222,0.45
T24S30,0.1111111111111111,0.8922222222222221,0.34,0.8877777777777778
T24S31,0.32666666666666666,0.8855555555555555,0.33222222222222225,0.7811111111111111
T24S32,0.3333333333333333,0.89,0.4477777777777778,0.67
T24S33,0.5566666666666666,0.3366666666666667,0.5622222222222222,0.21888888888888888
T24S34,0.45,0.5566666666666666,0.4455555555555555,0.3366666666666667
T24S35,0.45,0.67,0.56,0.4411111111111111
T24S36,0.4444444444444444,0.5511111111111111,0.33,0.4455555555555555
T24S37,0.4444444444444444,0.6666666666666666,0.45,0.3422222222222222
T24S38,0.22555555555555554,0.7866666666666666,0.2155555555555556,0.45
T24S39,0.2355555555555556,0.8833333333333333,0.33444444444444443,0.4544444444444444
T24S40,0.5555555555555556,0.33,0.5544444444444445,0.4488888888888889
T25S1,0.8955555555555557,0.8977777777777778,0.7911111111111111,0.8999999999999999
T25S2,0.33222222222222225,0.6733333333333333,0.7822222222222223,0.67
T25S3,0.7911111111111111,0.7877777777777778,0.7766666666666667,0.7711111111111112
T25S4,0.5555555555555556,0.2233333333333333,0.8922222222222221,0.2111111111111111
T25S5,0.56,0.2155555555555556,0.5566666666666666,0.2266666666666667
T25S6,0.5555555555555556,0.6733333333333333,0.8944444444444445,0.6711111111111111
T25S7,0.6755555555555556,0.8944444444444445,0.8922222222222221,0.7788888888888889
T25S8,0.8933333333333332,0.8955555555555557,0.8955555555555557,1.0
T25S9,0.8988888888888888,0.8877777777777778,0.8977777777777778,0.8922222222222221
T25S10,0.1111111111111111,0.68,0.7833333333333333,0.12444444444444445
T25S11,1.0,1.0,0.6755555555555556,0.8999999999999999
T25S12,0.8933333333333332,0.8977777777777778,0.6666666666666666,1.0
T25S13,0.8855555555555555,0.6711111111111111,0.7822222222222223,0.902222222222222
T25S14,0.8988888888888888,0.7822222222222223,0.6666666666666666,1.0
T25S15,0.7788888888888889,0.5644444444444444,0.6766666666666666,0.8977777777777778
T25S16,0.6722222222222222,0.33444444444444443,0.7811111111111111,0.6711111111111111
T25S17,0.56,0.56,0.5611111111111111,0.548888888888889
T25S18,0.3377777777777778,0.6711111111111111,0.6711111111111111,0.7933333333333333
T25S19,0.7844444444444444,0.6755555555555556,0.6755555555555556,0.7888888888888889
T25S20,0.7866666666666666,0.7877777777777778,0.8955555555555557,0.7822222222222223
T25S21,0.67,0.5555555555555556,0.6622222222222223,0.68
T25S22,0.8922222222222221,0.7844444444444444,0.8888888888888888,0.8955555555555557
T25S23,0.2233333333333333,0.7811111111111111,0.8944444444444445,0.7933333333333333
T25S24,0.33888888888888885,0.2222222222222222,0.7822222222222223,0.8877777777777778
T25S25,0.5511111111111111,0.5622222222222222,0.7844444444444444,0.33888888888888885
T25S26,0.5544444444444445,0.1177777777777778,0.8933333333333332,0.56
T25S27,0.5588888888888889,0.33,0.8855555555555555,0.5466666666666666
T25S28,0.5566666666666666,0.11444444444444445,0.6711111111111111,0.1111111111111111
T25S29,0.1111111111111111,0.6655555555555556,0.4477777777777778,1.0
T25S30,0.4477777777777778,0.46,0.5566666666666666,0.8922222222222221
T25S31,0.11222222222222222,0.7911111111111111,0.34,0.8922222222222221
T25S32,0.1111111111111111,0.6711111111111111,1.0,0.1111111111111111
T25S33,0.2155555555555556,0.6733333333333333,0.8988888888888888,0.11555555555555555
T25S34,0.55,0.33888888888888885,0.8855555555555555,0.21888888888888888
T25S35,0.3366666666666667,0.6666666666666666,0.6677777777777778,0.23222222222222225
T25S36,0.3333333333333333,0.7888888888888889,0.4533333333333334,0.7888888888888889
T25S37,0.1111111111111111,0.7866666666666666,1.0,0.1111111111111111
T25S38,0.1111111111111111,0.7833333333333333,0.8988888888888888,0.1111111111111111
T25S39,0.1111111111111111,0.6733333333333333,0.8888888888888888,0.1111111111111111
T25S40,0.1111111111111111,0.5522222222222222,0.8988888888888888,0.1111111111111111
T26S1,0.8855555555555555,0.8777777777777778,0.69,0.9844444444444445
T26S2,0.7733333333333333,0.7922222222222222,0.6722222222222222,0.9033333333333334
T26S3,1.0,0.8977777777777778,0.7888888888888889,0.9955555555555556
T26S4,0.8922222222222221,0.8944444444444445,0.6766666666666666,1.0
T26S5,0.4444444444444444,0.33444444444444443,0.56,0.2233333333333333
T26S6,0.8988888888888888,0.7822222222222223,0.7822222222222223,1.0
T26S7,0.6755555555555556,0.7888888888888889,0.7777777777777778,0.7866666666666666
T26S8,0.89,0.9077777777777778,0.7911111111111111,1.0
T26S9,0.8944444444444445,0.7966666666666666,0.6711111111111111,1.0
T26S10,0.3422222222222222,0.32333333333333336,0.3244444444444444,0.6733333333333333
T26S11,0.8933333333333332,0.7644444444444445,0.6655555555555556,0.9955555555555556
T26S12,0.7822222222222223,0.56,0.6633333333333333,0.7822222222222223
T26S13,0.7911111111111111,0.32666666666666666,0.6722222222222222,0.7888888888888889
T26S14,1.0,0.8944444444444445,0.7922222222222222,1.0
T26S15,0.7788888888888889,0.56,0.5466666666666666,0.68
T26S16,0.6877777777777778,0.3333333333333333,0.6777777777777777,0.3466666666666667
T26S17,0.56,0.5588888888888889,0.56,0.5711111111111111
T26S18,1.0,0.33222222222222225,0.6855555555555556,0.9988888888888888
T26S19,0.8888888888888888,0.7844444444444444,0.67,0.8844444444444445
T26S20,0.8977777777777778,0.7744444444444444,0.7833333333333333,1.0
T26S21,0.6733333333333333,0.32666666666666666,0.5622222222222222,0.8022222222222222
T26S22,0.7744444444444444,0.5544444444444445,0.6922222222222223,0.7644444444444445
T26S23,0.2533333333333333,0.32,0.44,0.6811111111111111
T26S24,1.0,0.5511111111111111,0.68,1.0
T26S25,0.7933333333333333,0.4388888888888889,0.5588888888888889,0.9055555555555556
T26S26,0.5611111111111111,0.4488888888888889,0.56,0.6666666666666666
T26S27,0.6666666666666666,0.4477777777777778,0.56,1.0
T26S28,0.6633333333333333,0.56,0.4388888888888889,0.6766666666666666
T26S29,0.6766666666666666,0.5444444444444445,0.6711111111111111,0.9966666666666668
T26S30,0.55,0.2233333333333333,0.32,0.7888888888888889
T26S31,0.21888888888888888,0.2155555555555556,0.3433333333333333,0.7744444444444444
T26S32,0.21777777777777774,0.21777777777777774,0.4577777777777778,0.7744444444444444
T26S33,0.1111111111111111,0.1111111111111111,0.44333333333333336,0.1111111111111111
T26S34,0.1111111111111111,0.5566666666666666,0.3533333333333333,0.33444444444444443
T26S35,0.33,0.1111111111111111,0.3433333333333333,0.44
T26S36,0.3244444444444444,0.21333333333333326,0.3022222222222222,0.6677777777777778
T26S37,0.1111111111111111,0.1111111111111111,0.31,0.1111111111111111
T26S38,0.12777777777777774,0.1177777777777778,0.24222222222222226,0.1111111111111111
T26S39,0.21666666666666667,0.21888888888888888,0.4411111111111111,0.11555555555555555
T26S40,0.34,0.1111111111111111,0.5522222222222222,0.2277777777777777
T27S1,0.67,0.56,1.0,0.6666666666666666
T27S2,0.7777777777777778,0.7811111111111111,1.0,0.8999999999999999
T27S3,1.0,0.8933333333333332,1.0,1.0
T27S4,0.7833333333333333,0.7788888888888889,1.0,0.7866666666666666
T27S5,0.5522222222222222,0.1111111111111111,1.0,0.1111111111111111
T27S6,0.7777777777777778,0.56,0.8977777777777778,0.8844444444444445
T27S7,0.548888888888889,0.56,1.0,0.7811111111111111
T27S8,0.9155555555555556,0.9077777777777778,0.89,1.0
T27S9,0.9988888888888888,1.0,1.0,1.0
T27S10,0.6677777777777778,0.56,0.7844444444444444,0.7811111111111111
T27S11,1.0,0.56,1.0,0.8944444444444445
T27S12,0.4644444444444445,0.56,0.9955555555555556,0.56
T27S13,0.7788888888888889,0.7933333333333333,1.0,0.8922222222222221
T27S14,0.8955555555555557,0.7811111111111111,1.0,1.0
T27S15,0.56,0.34,1.0,0.56
T27S16,0.8955555555555557,0.6733333333333333,0.9944444444444444,0.8922222222222221
T27S17,1.0,0.7866666666666666,1.0,1.0
T27S18,1.0,0.9988888888888888,1.0,1.0
T27S19,0.5622222222222222,0.2222222222222222,1.0,0.4488888888888889
T27S20,0.7744444444444444,0.56,1.0,0.6733333333333333
T27S21,1.0,0.9044444444444444,1.0,0.902222222222222
T27S22,0.81,0.56,1.0,0.8977777777777778
T27S23,0.8888888888888888,0.6711111111111111,1.0,0.8922222222222221
T27S24,0.9888888888888888,0.8855555555555555,0.9966666666666668,0.8877777777777778
T27S25,0.4444444444444444,0.1111111111111111,1.0,0.6711111111111111
T27S26,0.56,0.2288888888888889,1.0,0.6755555555555556
T27S27,0.5522222222222222,0.1111111111111111,1.0,0.1111111111111111
T27S28,0.56,0.2233333333333333,1.0,0.7844444444444444
T27S29,0.7977777777777777,0.56,1.0,0.7811111111111111
T27S30,0.7866666666666666,0.7822222222222223,0.9955555555555556,0.8888888888888888
T27S31,0.5644444444444444,0.6711111111111111,0.8933333333333332,0.7877777777777778
T27S32,0.56,0.5588888888888889,1.0,0.6666666666666666
T27S33,0.56,0.3377777777777778,0.9966666666666668,0.56
T27S34,0.31666666666666665,0.1111111111111111,1.0,0.12444444444444445
T27S35,0.1111111111111111,0.1111111111111111,0.5588888888888889,0.56
T27S36,0.6811111111111111,0.8011111111111111,1.0,0.8999999999999999
T27S37,0.33222222222222225,0.5588888888888889,0.7888888888888889,0.57
T27S38,0.1111111111111111,0.5455555555555556,0.7688888888888888,0.1111111111111111
T27S39,0.23777777777777775,0.11222222222222222,1.0,0.21888888888888888
T27S40,0.56,0.34,1.0,0.56
T28S1,0.7811111111111111,0.7877777777777778,0.89,0.89
T28S2,0.8877777777777778,0.8999999999999999,0.8955555555555557,1.0
T28S3,1.0,0.7822222222222223,0.7777777777777778,1.0
T28S4,0.8977777777777778,0.7877777777777778,0.7733333333333333,0.8977777777777778
T28S5,0.7822222222222223,0.8922222222222221,0.91,1.0
T28S6,0.9055555555555556,0.8999999999999999,0.8955555555555557,1.0
T28S7,0.8988888888888888,1.0,0.7866666666666666,1.0
T28S8,0.7788888888888889,0.23222222222222225,0.33222222222222225,0.6677777777777778
T28S9,0.56,0.5555555555555556,0.56,0.5544444444444445
T28S10,0.8877777777777778,0.7922222222222222,0.8977777777777778,0.8977777777777778
T28S11,0.7788888888888889,0.4477777777777778,0.6666666666666666,0.7811111111111111
T28S12,0.6733333333333333,0.2277777777777777,0.56,0.6655555555555556
T28S13,0.23222222222222225,0.11222222222222222,0.2277777777777777,0.2111111111111111
T28S14,0.8922222222222221,0.3377777777777778,0.7822222222222223,0.9966666666666668
T28S15,0.56,0.1111111111111111,0.3366666666666667,0.2233333333333333
T28S16,0.7677777777777778,0.2233333333333333,0.6633333333333333,0.8855555555555555
T28S17,0.7766666666666667,0.3433333333333333,0.7833333333333333,0.7744444444444444
T28S18,0.8977777777777778,0.33,0.5622222222222222,0.8888888888888888
T28S19,0.7811111111111111,0.7866666666666666,0.7844444444444444,1.0
T28S20,0.8933333333333332,0.7766666666666667,0.5566666666666666,0.8877777777777778
T28S21,0.2233333333333333,0.21666666666666667,0.3333333333333333,0.55
T28S22,0.5588888888888889,0.1111111111111111,0.5555555555555556,0.2277777777777777
T28S23,0.22555555555555554,0.3377777777777778,0.22111111111111112,0.2233333333333333
T28S24,0.4488888888888889,0.33444444444444443,0.3377777777777778,0.6666666666666666
T28S25,0.4511111111111111,0.33888888888888885,0.7744444444444444,0.8988888888888888
T28S26,0.22111111111111112,0.1111111111111111,0.2122222222222222,0.2222222222222222
T28S27,0.6755555555555556,0.6677777777777778,0.6677777777777778,0.7711111111111112
T28S28,0.3222222222222222,0.2055555555555556,0.3433333333333333,0.2222222222222222
T28S29,0.2288888888888889,0.21888888888888888,0.3244444444444444,0.3333333333333333
T28S30,0.22111111111111112,0.2222222222222222,0.32,1.0
T28S31,0.7677777777777778,0.7822222222222223,0.8877777777777778,0.7844444444444444
T28S32,0.33888888888888885,0.7833333333333333,0.89,0.3366666666666667
T28S33,0.7788888888888889,0.88,1.0,0.7844444444444444
T28S34,0.6655555555555556,0.7844444444444444,0.7811111111111111,0.6666666666666666
T28S35,0.12,0.6722222222222222,0.9955555555555556,0.1111111111111111
T28S36,0.3422222222222222,0.3288888888888889,0.21333333333333326,0.20888888888888887
T28S37,0.11222222222222222,0.5555555555555556,0.9944444444444444,0.1111111111111111
T28S38,0.21777777777777774,0.8844444444444445,1.0,0.1111111111111111
T28S39,0.11555555555555555,0.34,0.2277777777777777,0.2288888888888889
T28S40,0.7888888888888889,0.7822222222222223,0.7933333333333333,0.8855555555555555
T29S1,0.6733333333333333,0.5622222222222222,0.6722222222222222,0.6711111111111111
T29S2,0.7833333333333333,0.7833333333333333,0.7788888888888889,0.8999999999999999
T29S3,1.0,0.7866666666666666,0.89,0.8977777777777778
T29S4,0.7966666666666666,0.8988888888888888,0.8955555555555557,0.7766666666666667
T29S5,0.6722222222222222,0.8944444444444445,0.8955555555555557,0.8888888888888888
T29S6,0.8922222222222221,0.6755555555555556,0.7822222222222223,0.8955555555555557
T29S7,0.7822222222222223,0.7888888888888889,0.8955555555555557,0.7911111111111111
T29S8,0.7822222222222223,0.5555555555555556,0.67,0.7833333333333333
T29S9,0.7844444444444444,0.6733333333333333,0.7811111111111111,0.7866666666666666
T29S10,0.7788888888888889,1.0,1.0,0.8833333333333333
T29S11,0.8922222222222221,0.7788888888888889,0.7788888888888889,0.7788888888888889
T29S12,0.6711111111111111,0.45,0.56,0.4533333333333334
T29S13,0.6733333333333333,0.3244444444444444,0.44,0.6755555555555556
T29S14,0.8955555555555557,0.5611111111111111,0.8922222222222221,1.0
T29S15,0.4455555555555555,0.21888888888888888,0.3333333333333333,0.3655555555555556
T29S16,0.3333333333333333,0.1111111111111111,0.2277777777777777,0.2122222222222222
T29S17,0.5644444444444444,0.1111111111111111,0.22555555555555554,0.3333333333333333
T29S18,0.7788888888888889,0.56,0.67,0.6766666666666666
T29S19,0.7833333333333333,0.6733333333333333,0.5611111111111111,0.6655555555555556
T29S20,0.8922222222222221,0.7877777777777778,1.0,0.7744444444444444
T29S21,0.3244444444444444,0.22555555555555554,0.8922222222222221,0.1111111111111111
T29S22,0.33888888888888885,0.33222222222222225,0.3377777777777778,0.56
T29S23,0.2277777777777777,0.1111111111111111,0.32,0.21333333333333326
T29S24,0.4577777777777778,0.7777777777777778,0.7888888888888889,0.6722222222222222
T29S25,0.3366666666666667,0.4411111111111111,0.4511111111111111,0.4444444444444444
T29S26,0.3333333333333333,0.1111111111111111,0.2222222222222222,0.1111111111111111
T29S27,0.7877777777777778,0.6733333333333333,0.9988888888888888,0.8822222222222222
T29S28,0.11555555555555555,0.2333333333333333,0.22555555555555554,0.5566666666666666
T29S29,0.4411111111111111,0.1111111111111111,0.4477777777777778,0.3377777777777778
T29S30,0.3277777777777778,0.7911111111111111,0.2333333333333333,0.6711111111111111
T29S31,0.1111111111111111,0.8933333333333332,0.2266666666666667,0.1111111111111111
T29S32,0.4488888888888889,1.0,0.7866666666666666,0.4455555555555555
T29S33,0.22111111111111112,0.7811111111111111,0.1111111111111111,0.1111111111111111
T29S34,0.4388888888888889,0.8855555555555555,0.3377777777777778,0.1111111111111111
T29S35,0.21333333333333326,0.8933333333333332,0.22111111111111112,0.1111111111111111
T29S36,0.5588888888888889,0.7833333333333333,0.8944444444444445,0.56
T29S37,0.5566666666666666,0.5555555555555556,0.7811111111111111,0.1111111111111111
T29S38,0.20888888888888887,0.1988888888888889,0.1111111111111111,0.1111111111111111
T29S39,0.6722222222222222,0.8977777777777778,1.0,0.55
T29S40,0.6677777777777778,0.7877777777777778,0.8944444444444445,0.6722222222222222
T30S1,0.56,0.56,0.56,0.56
T30S2,0.7944444444444445,0.68,0.55,0.8822222222222222
T30S3,0.6833333333333333,0.6577777777777778,0.6577777777777778,0.7788888888888889
T30S4,0.7822222222222223,0.7733333333333333,0.6733333333333333,0.7877777777777778
T30S5,0.6877777777777778,0.7711111111111112,0.56,0.6755555555555556
T30S6,0.6911111111111111,0.6611111111111111,0.6877777777777778,0.6677777777777778
T30S7,0.45,0.4511111111111111,0.4477777777777778,0.3288888888888889
T30S8,0.6722222222222222,0.6677777777777778,0.6877777777777778,0.66
T30S9,0.7866666666666666,0.6822222222222222,0.5544444444444445,0.7777777777777778
T30S10,0.5644444444444444,0.5544444444444445,1.0,0.33
T30S11,0.6733333333333333,0.7933333333333333,0.5811111111111111,0.6755555555555556
T30S12,0.5722222222222223,0.3333333333333333,0.56,0.2233333333333333
T30S13,0.4488888888888889,0.5522222222222222,0.44,0.3277777777777778
T30S14,0.56,0.5555555555555556,0.56,0.6822222222222222
T30S15,0.5566666666666666,0.4455555555555555,0.5555555555555556,0.31
T30S16,0.56,0.56,0.5588888888888889,0.56
T30S17,0.7922222222222222,0.6733333333333333,0.5555555555555556,0.5588888888888889
T30S18,0.7833333333333333,0.5622222222222222,0.7811111111111111,0.7744444444444444
T30S19,0.9188888888888888,0.7811111111111111,0.5566666666666666,0.7988888888888891
T30S20,0.8066666666666666,0.7844444444444444,0.7811111111111111,0.902222222222222
T30S21,0.33888888888888885,0.3222222222222222,0.33888888888888885,0.1111111111111111
T30S22,0.45,0.4477777777777778,0.4644444444444445,0.34
T30S23,0.3333333333333333,0.33222222222222225,0.34,0.11444444444444445
T30S24,0.6655555555555556,0.55,0.6722222222222222,0.6755555555555556
T30S25,0.4355555555555555,0.4444444444444444,0.44333333333333336,0.4444444444444444
T30S26,0.5566666666666666,0.1111111111111111,0.5611111111111111,0.3533333333333333
T30S27,0.89,0.6966666666666667,0.6666666666666666,0.7911111111111111
T30S28,0.5622222222222222,0.5522222222222222,0.4344444444444445,0.3466666666666667
T30S29,0.8033333333333333,0.5666666666666667,0.5666666666666667,0.6722222222222222
T30S30,0.4488888888888889,0.6822222222222222,0.4544444444444444,0.6655555555555556
T30S31,0.4288888888888889,0.4388888888888889,0.5688888888888889,0.4411111111111111
T30S32,0.5566666666666666,0.43777777777777777,0.7822222222222223,0.4477777777777778
T30S33,0.4344444444444445,0.33888888888888885,0.4544444444444444,0.1111111111111111
T30S34,0.5544444444444445,0.6677777777777778,0.5455555555555556,0.33888888888888885
T30S35,0.56,0.548888888888889,0.56,0.7944444444444445
T30S36,0.4477777777777778,0.3288888888888889,0.7644444444444445,0.3333333333333333
T30S37,0.4588888888888889,0.4388888888888889,0.3011111111111111,0.22555555555555554
T30S38,0.56,0.56,0.56,0.56
T30S39,0.33,0.4577777777777778,0.56,0.1111111111111111
T30S40,0.5611111111111111,0.44333333333333336,1.0,0.2266666666666667
T31S1,0.7544444444444445,0.6633333333333333,0.8977777777777778,0.8988888888888888
T31S2,0.5588888888888889,0.7844444444444444,0.3422222222222222,0.4477777777777778
T31S3,0.8933333333333332,0.5644444444444444,0.7833333333333333,0.8988888888888888
T31S4,0.7744444444444444,0.3288888888888889,0.6633333333333333,0.7766666666666667
T31S5,0.6911111111111111,0.5588888888888889,0.6811111111111111,0.7866666666666666
T31S6,0.5544444444444445,0.5522222222222222,0.6733333333333333,0.6777777777777777
T31S7,0.6722222222222222,0.5622222222222222,0.56,0.6988888888888889
T31S8,0.67,0.4488888888888889,0.68,0.89
T31S9,0.6733333333333333,0.4311111111111111,0.6711111111111111,0.7733333333333333
T31S10,0.4455555555555555,0.6755555555555556,0.18000000000000002,0.5588888888888889
T31S11,1.0,0.3133333333333333,0.9144444444444444,1.0
T31S12,0.7933333333333333,0.2333333333333333,0.31777777777777777,0.8922222222222221
T31S13,0.8988888888888888,0.4488888888888889,0.8933333333333332,0.8988888888888888
T31S14,0.8955555555555557,0.4388888888888889,0.8922222222222221,0.8977777777777778
T31S15,0.6722222222222222,0.1111111111111111,0.8922222222222221,0.6811111111111111
T31S16,0.6766666666666666,0.4444444444444444,0.22555555555555554,0.7833333333333333
T31S17,0.548888888888889,0.2333333333333333,0.56,0.6611111111111111
T31S18,0.7844444444444444,0.2911111111111111,0.7666666666666667,0.902222222222222
T31S19,0.8833333333333333,0.6733333333333333,0.6711111111111111,0.7788888888888889
T31S20,0.7666666666666667,0.3466666666666667,0.8733333333333334,0.6666666666666666
T31S21,0.5655555555555556,0.8933333333333332,0.8944444444444445,0.6766666666666666
T31S22,0.56,0.44,0.56,0.6655555555555556
T31S23,0.1111111111111111,0.7866666666666666,0.8933333333333332,0.4544444444444444
T31S24,0.5555555555555556,0.2288888888888889,0.7822222222222223,0.6655555555555556
T31S25,0.6822222222222222,0.34444444444444444,0.8855555555555555,0.7844444444444444
T31S26,0.7866666666666666,0.21777777777777774,0.45,0.8933333333333332
T31S27,0.5555555555555556,0.21666666666666667,0.56,0.7966666666666666
T31S28,0.5566666666666666,0.21777777777777774,0.7777777777777778,0.7744444444444444
T31S29,0.5655555555555556,0.1111111111111111,0.8922222222222221,0.6766666666666666
T31S30,0.3477777777777777,0.89,0.1111111111111111,0.7844444444444444
T31S31,0.5555555555555556,0.5555555555555556,0.3366666666666667,0.7688888888888888
T31S32,0.1111111111111111,0.8855555555555555,0.11222222222222222,0.11555555555555555
T31S33,0.4644444444444445,1.0,0.31666666666666665,0.20888888888888887
T31S34,0.21666666666666667,0.8922222222222221,0.23111111111111116,0.1111111111111111
T31S35,0.4477777777777778,0.7933333333333333,0.20111111111111116,0.1111111111111111
T31S36,0.5522222222222222,0.7722222222222223,0.21777777777777774,0.21777777777777774
T31S37,0.1111111111111111,1.0,0.11222222222222222,0.1111111111111111
T31S38,0.1111111111111111,1.0,0.1111111111111111,0.1111111111111111
T31S39,0.1111111111111111,1.0,0.1111111111111111,0.11222222222222222
T31S40,0.44333333333333336,0.8955555555555557,0.23222222222222225,0.22555555555555554
T32S1,0.9033333333333334,0.5366666666666666,1.0,0.5411111111111111
T32S2,0.5544444444444445,0.33222222222222225,0.8844444444444445,0.11222222222222222
T32S3,0.8944444444444445,0.7877777777777778,0.9844444444444445,0.7866666666666666
T32S4,0.7733333333333333,0.5711111111111111,1.0,0.6822222222222222
T32S5,0.7944444444444445,0.66,1.0,0.5344444444444444
T32S6,0.6422222222222222,0.44333333333333336,0.8877777777777778,0.2533333333333333
T32S7,0.548888888888889,0.4544444444444444,1.0,0.23222222222222225
T32S8,0.8844444444444445,0.6733333333333333,0.8944444444444445,0.7944444444444445
T32S9,0.8733333333333334,0.4633333333333333,0.9933333333333332,0.7822222222222223
T32S10,0.4533333333333334,0.6611111111111111,0.98,0.43333333333333335
T32S11,0.9155555555555556,0.6911111111111111,0.9988888888888888,0.7644444444444445
T32S12,0.8122222222222222,0.4311111111111111,1.0,0.5922222222222222
T32S13,0.7877777777777778,0.43,1.0,0.7766666666666667
T32S14,0.7888888888888889,0.67,1.0,0.7588888888888891
T32S15,0.5566666666666666,0.19666666666666666,1.0,0.31222222222222223
T32S16,0.4411111111111111,0.6666666666666666,0.7811111111111111,0.6922222222222223
T32S17,0.6766666666666666,0.5588888888888889,1.0,0.43777777777777777
T32S18,0.8922222222222221,0.7844444444444444,0.9955555555555556,0.9088888888888887
T32S19,0.9155555555555556,0.8044444444444445,1.0,0.8933333333333332
T32S20,0.67,0.4577777777777778,1.0,0.5588888888888889
T32S21,0.4577777777777778,0.6655555555555556,0.7966666666666666,0.4255555555555556
T32S22,0.4611111111111112,0.6733333333333333,0.8988888888888888,0.6866666666666666
T32S23,0.33444444444444443,0.6833333333333333,0.5644444444444444,0.6855555555555556
T32S24,0.1111111111111111,0.8122222222222222,0.5388888888888889,0.7622222222222222
T32S25,0.4455555555555555,0.7966666666666666,0.89,0.7711111111111112
T32S26,0.5711111111111111,0.3433333333333333,0.9811111111111112,0.3422222222222222
T32S27,0.6666666666666666,0.8044444444444445,0.8855555555555555,0.6455555555555555
T32S28,0.67,0.5555555555555556,0.92,0.7066666666666667
T32S29,0.4544444444444444,0.6755555555555556,0.9966666666666668,0.4444444444444444
T32S30,0.1111111111111111,0.8077777777777777,0.5255555555555556,0.7688888888888888
T32S31,0.4633333333333333,0.6622222222222223,0.7922222222222222,0.21888888888888888
T32S32,0.43,0.7944444444444445,0.7922222222222222,0.6922222222222223
T32S33,0.4511111111111111,0.1111111111111111,0.7733333333333333,0.1111111111111111
T32S34,0.45,0.6966666666666667,0.7811111111111111,0.14
T32S35,0.4311111111111111,0.8066666666666666,0.6711111111111111,0.1111111111111111
T32S36,0.4344444444444445,0.7733333333333333,0.6466666666666667,0.3466666666666667
T32S37,0.31222222222222223,0.6811111111111111,0.6733333333333333,0.11555555555555555
T32S38,0.33888888888888885,0.7788888888888889,0.5666666666666667,0.12222222222222225
T32S39,0.44333333333333336,0.7966666666666666,0.5388888888888889,0.1111111111111111
T32S40,0.7944444444444445,0.4477777777777778,1.0,0.20888888888888887
